Варна,Аврен,Приселци,ДГ Щурче
Варна,Аврен,Дъбравино,ДГ Пролет
Бургас,Айтос,Айтос,ДГ Пролет
Бургас,Айтос,Айтос,ДГ Калина Малина
Бургас,Айтос,Айтос,ДГ Здравец
Бургас,Айтос,Айтос,ДГ Радост
Бургас,Айтос,Айтос,ДГ Славейче 
Бургас,Айтос,Тополица,ДГ Детелина
Варна,Аксаково,Зорница,ЧДГ Еко детско селце
Варна,Аксаково,Въглен,ДГ Добри Чинтулов
Варна,Аксаково,Аксаково,ДГ Дружба
Варна,Аксаково,Аксаково,ДГДетство мое
Варна,Аксаково,Игнатиево,ДГ Mир
Варна,Аксаково,Изворско,ДГ Детелина
Варна,Аксаково,Любен Каравелово,ДГ Славейче
Варна,Аксаково,Кичево,ЧДГ Вяра Надежда и Любов
Силистра,Алфатар,Алфатар,ДГ Щастливо детство
София-област,Антон,Антон,ДГ БЪЛГАРЧЕ 
Търговище,Антоново,Антоново,ДГ Шестте Ястребинчета
Ловеч,Априлци,Априлци,ДГ Априлче
Кърджали,Ардино,Жълтуша,ДГ Радост 
Кърджали,Ардино,Горно Прахово,ДГ Дъга
Кърджали,Ардино,Ардино,ДГ Слънце
Кърджали,Ардино,Ардино,ДГ Брезичка
Кърджали,Ардино,Бял извор,ДГ Мир
Пловдив,Асеновград,Асеновград,ДГ Пролет
Пловдив,Асеновград,Асеновград,ДГ Дружба
Пловдив,Асеновград,Асеновград,ДГ Ас. Крепост
Пловдив,Асеновград,Асеновград,ДГ Никола Й. Вапцаров
Пловдив,Асеновград,Асеновград,ДГ Мир
Пловдив,Асеновград,Асеновград,ДГ Надежда
Пловдив,Асеновград,Асеновград,ДГ Радост
Пловдив,Асеновград,Тополово,ДГ Щастливо детство
Пловдив,Асеновград,Асеновград,ДГ Бако Динчо
Пловдив,Асеновград,Асеновград,ДГ  Зорница
Добрич,Балчик,Сенокос,ДГ Мир
Добрич,Балчик,Соколово,ДГ Звездица
Добрич,Балчик,Стражица,ДГ Радост
Добрич,Балчик,Балчик,ДГ № 1 Здравец
Добрич,Балчик,Балчик,ДГ № 2 Знаме на Мира
Добрич,Балчик,Балчик,ДГ № 3 Чайка
Добрич,Балчик,Дропла,ДГ Добруджанче
Добрич,Балчик,Гурково,ДГ Дъга
Добрич,Балчик,Кранево,ДГ Веселите делфинчета
Добрич,Балчик,Ляхово,ДГ - Ляхово
Добрич,Балчик,Оброчище,ДГ Първи юни
Смолян,Баните,Баните,ДГ - Баните
Благоевград,Банско,Добринище,ДГ Мечо Пух
Благоевград,Банско,Банско,ДГ Здравец
Благоевград,Банско,Места,ДГ Слънце
Пазарджик,Батак,Батак,ДГ КАТЯ ВАНЧЕВА
Пазарджик,Батак,Фотиново,ДГ Катя Ванчева
Пазарджик,Батак,Нова махала,ДГ Радост
Плевен,Белене,Белене,ДГ Мечта
Плевен,Белене,Белене,ДГ Знаме на мира
Благоевград,Белица,Белица,ДГ Надежда
Пазарджик,Белово,Белово,ДГ Щурче
Пазарджик,Белово,Сестримо,ДГ
Видин,Белоградчик,Белоградчик,ДГ Иглика
Варна,Белослав,Белослав,ДГ Калина Малина
Варна,Белослав,Страшимирово,ДГ Незабравка
Варна,Белослав,Белослав,ДГ Първи юни
Варна,Белослав,Белослав,ДГ Щастливо детство
Варна,Белослав,Езерово,ДГ Дора Габе
Монтана,Берковица,Берковица,ДГ Малина
Монтана,Берковица,Берковица,ДГ Звънче
Монтана,Берковица,Берковица,ДГ Пролетна дъга
Монтана,Берковица,Боровци,ДГ Червената шапчица
Монтана,Берковица,Замфирово,ДГ Детелина
Монтана,Берковица,Бързия,ДГ Васил Левски
Благоевград,Благоевград,Благоевград,ДГ Синчец
Благоевград,Благоевград,Благоевград,ДГ  Детски свят
Благоевград,Благоевград,Благоевград,ДГ Усмивка
Благоевград,Благоевград,Благоевград,ДГ Първи юни
Благоевград,Благоевград,Благоевград,ДГ №1 Ведрица
Благоевград,Благоевград,Благоевград,ДГ №2 Света Богородица
Благоевград,Благоевград,Благоевград,ДГ №3 Детелини
Благоевград,Благоевград,Благоевград,ДГ №6 Щастливо детство
Благоевград,Благоевград,Благоевград,ДГ №8  Вечерница 
Благоевград,Благоевград,Благоевград,ДГ №10 Мак
Благоевград,Благоевград,Благоевград,ДГ №12 Алени макове
Благоевград,Благоевград,Благоевград,ДГ №11 Здравец
Благоевград,Благоевград,Благоевград,ДГ №4 Роса
Кюстендил,Бобов дол,Бобов дол,ДГ Миньор
Кюстендил,Бобов дол,Бобов дол,ДГ Дружба
Кюстендил,Бобошево,Бобошево,ДГ-Здравец- гр.Бобошево
София-област,Божурище,Божурище,Детска градина Детелина
София-област,Божурище,Божурище,ДГ Буратино
Видин,Бойница,Бойница,ДГ Йонка Маркова
Монтана,Бойчиновци,Бойчиновци,ДГ Звънче
Монтана,Бойчиновци,Портитовци,ДГ Щурче
Монтана,Бойчиновци,Мърчево,ДГ Зора
Монтана,Бойчиновци,Мадан,ДГ Щастливо детство
Монтана,Бойчиновци,Владимирово,ДГ Вълшебен свят
Монтана,Бойчиновци,Лехчево,ДГ Звездица
Ямбол,Болярово,Болярово,ДГ Здравец
Смолян,Борино,Борино,ДГ-Борино
Смолян,Борино,Ягодина,ДГ Дъга
Враца,Борован,Борован,ДГ Тошка Петрова
Враца,Борован,Малорад,ДГ Ю. Гагарин
Русе,Борово,Борово,ДГ Славейче
София-област,Ботевград,Литаково,ДГ Здравец
София-област,Ботевград,Ботевград,ДГ Саранск
София-област,Ботевград,Ботевград,ДГ Кокиче
София-област,Ботевград,Ботевград,ДГ Иглика
София-област,Ботевград,Ботевград,ДГ Славейче
София-област,Ботевград,Ботевград,ДГ Синчец
София-област,Ботевград,Ботевград,ДГ Слънце
София-област,Ботевград,Ботевград,ДГ  Звънче 
София-област,Ботевград,Трудовец,ДГ Здравец
София-област,Ботевград,Врачеш,ДГ Детелина
София-област,Ботевград,Скравена,ДГ Детелина
София-област,Ботевград,Новачене,ДГЗора
Стара Загора,Братя Даскалови,Братя Даскалови,ДГ Незабравка
Стара Загора,Братя Даскалови,Найденово,ДГ Иглика
Стара Загора,Братя Даскалови,Мирово,ДГ Смехоранчета
Стара Загора,Братя Даскалови,Партизанин,ДГ Боряна
Стара Загора,Братя Даскалови,Черна гора,ДГ Буратино
Стара Загора,Братя Даскалови,Гранит,ДГ Н.Й.Вапцаров
Стара Загора,Братя Даскалови,Оризово,ДГ Детелина
Пазарджик,Брацигово,Бяга,ДГ Пъстро хвърчило
Пазарджик,Брацигово,Исперихово,ДГ Слънце
Пазарджик,Брацигово,Козарско,ДГ Вълшебство
Пазарджик,Брацигово,Брацигово,ДГ Здравец
Видин,Брегово,Брегово,ДГ Детелина
Перник,Брезник,Брезник,ДГ Брезица
Пловдив,Брезово,Борец,ДГ Роза
Пловдив,Брезово,Брезово,ДГ В. Благоева
Монтана,Брусарци,Брусарци,ДГ Синчец
Монтана,Брусарци,Крива бара,ДГ Мечо Пух
Монтана,Брусарци,Василовци,ДГ Детелина
Бургас,Бургас,Бургас,ДГ Пинокио
Бургас,Бургас,Българово,ДГСветулка  гр.Българово
Бургас,Бургас,Маринка,ДГ Пролетна дъга
Бургас,Бургас,Бургас,ДГ Морска звезда
Бургас,Бургас,Бургас,ДГ Звездица Зорница гр.Бург
Бургас,Бургас,Бургас,Детска градина Звънче
Бургас,Бургас,Бургас,ДГ Калина Малина -
Бургас,Бургас,Бургас,ДГ Иглика
Бургас,Бургас,Бургас,ДГ Ран Босилек
Бургас,Бургас,Бургас,ДГ Делфин
Бургас,Бургас,Бургас,ДГ Славейче
Бургас,Бургас,Бургас,ДГ Коледарче
Бургас,Бургас,Бургас,ДГ Звездица
Бургас,Бургас,Бургас,ДГ Ханс К. Андерсен
Бургас,Бургас,Бургас,ДГ Радост
Бургас,Бургас,Бургас,Детска градина  Калинка
Бургас,Бургас,Бургас,ДГ ЗЛАТНА РИБКА 
Бургас,Бургас,Бургас,ДГ Вълшебство
Бургас,Бургас,Бургас,ДГ Синчец
Бургас,Бургас,Бургас,ДГ Пламъче
Бургас,Бургас,Бургас,ДГ Слънце
Бургас,Бургас,Бургас,Детска градина Чайка
Бургас,Бургас,Бургас,ДГ Надежда
Бургас,Бургас,Бургас,ДГ Здравец
Бургас,Бургас,Бургас,ДГ РАКОВИНА
Бургас,Бургас,Бургас,ДГ Ален мак
Бургас,Бургас,Бургас,ДГ Златното ключе
Бургас,Бургас,Бургас,ДГ Синчец- кв.Банево
Бургас,Бургас,Бургас,ДГ  Райна Княгиня 
Бургас,Бургас,Бургас,ДГ  Брезичка
Бургас,Бургас,Бургас,ДГ Детелина
Бургас,Бургас,Бургас,ДГ Моряче
Бургас,Бургас,Бургас,ДГ Изгрев
Бургас,Бургас,Бургас,ДГ Веселушко
Бургас,Бургас,Равнец,ДГ Теменуга
Варна,Бяла,Бяла,ДГ Първи юни и ДК
Русе,Бяла,Бяла,ДГ Пролет
Русе,Бяла,Бяла,ДГ Стадиона
Враца,Бяла Слатина,Бяла Слатина,ДГ Незабравка
Враца,Бяла Слатина,Бяла Слатина,ДГ Радост
Враца,Бяла Слатина,Бяла Слатина,ДГ Детелина
Враца,Бяла Слатина,Габаре,ДГ Червена шапчица
Враца,Бяла Слатина,Търнава,ДГ Вълка Николова Ташевска
Варна,Варна,Варна,ЧДГ Мамината къща
Варна,Варна,Варна,ЧДГ Къща на децата Шанс
Варна,Варна,Варна,ДГ № 38 Маргаритка
Варна,Варна,Варна,ДГ №17 Д-р Петър Берон /с яс
Варна,Варна,Варна,ДГ №18 Чайка
Варна,Варна,Варна,ДГ № 19 Славейче
Варна,Варна,Варна,ДГ №6 Палечко
Варна,Варна,Варна,ДГ №34 Лястовичка
Варна,Варна,Варна,ДГ №9 Ален мак
Варна,Варна,Варна,ДГ №40Детски свят
Варна,Варна,Варна,ДГ №41Първи юни
Варна,Варна,Варна,ДГ Nо 35 Детска радост
Варна,Варна,Варна,ДГ №14Дружба
Варна,Варна,Варна,ДГ № 36 Морска звездица
Варна,Варна,Варна,ДГ № 42 Българче 
Варна,Варна,Каменар,ДГ № 49 Боров кът
Варна,Варна,Тополи,ДГ №48 Ран Босилек -я.г.
Варна,Варна,Варна,ДГ №1Светулка
Варна,Варна,Варна,ДГ №37 Пламъче
Варна,Варна,Варна,ДГ № 24 Детско градче
Варна,Варна,Варна,ДГ № 4Теменужка 
Варна,Варна,Варна,ДГ № 5 Слънчо
Варна,Варна,Варна,ДГ №26 Изворче
Варна,Варна,Варна,ДГ №8 Христо Ботев
Варна,Варна,Варна,ДГ № 39 Приказка
Варна,Варна,Варна,ДГ №43  Пинокио
Варна,Варна,Варна,ДГ № 3Звездичка
Варна,Варна,Варна,ДГ №27 Успех
Варна,Варна,Варна,ДГ №15 Гълъбче
Варна,Варна,Варна,ДГ №7А.С.Пушкин
Варна,Варна,Варна,ДГ № 44  В.Терешкова
Варна,Варна,Варна,ДГ №21 К.Малина 
Варна,Варна,Варна,ДГ №23Иглика
Варна,Варна,Варна,ДГ № 47 Люляче /с ЯГ/
Варна,Варна,Варна,ДГ № 10 Карамфилче
Варна,Варна,Варна,ДГ № 22 Мечо Пух
Варна,Варна,Варна,ДГ № 32 Моряче
Варна,Варна,Варна,ДГ № 11 Незабравка
Варна,Варна,Варна,ДГ № 12Ян Бибиян
Варна,Варна,Варна,ДГ № 29 Звънче
Варна,Варна,Варна,ДГ № 2 Щастливо детство
Варна,Варна,Варна,ДГ № 13 Мир
Варна,Варна,Варна,Детска градина № 30 Синчец
Варна,Варна,Варна,ДГ №31 Крилатко
Варна,Варна,Варна,ДГ № 28Пролет
Варна,Варна,Константиново,ДГ №51Ран Босилек
Варна,Варна,Звездица,ДГ №50 Зорница
Варна,Варна,Варна,ДГ №20 Бриз
Варна,Варна,Варна,ДГ №46 Горска приказка
Варна,Варна,Варна,ЧДГ Малкият принц
Варна,Варна,Варна,ДГСлънчева дъга
Варна,Варна,Варна,ЧДГ Цветни песъчинки
Варна,Варна,Варна,ДГ № 33  Делфинче
Варна,Варна,Варна,ДГ №25 Златно зрънце
Варна,Варна,Варна,Детска градина №45
Варна,Варна,Варна,ЧДГ Аз съм българче
Варна,Варна,Варна,ЧДГ Д-р Мария Монтесори
Варна,Варна,Варна,ЧДГ Мечтатели
Варна,Варна,Варна,ЧДГ Мелита
Варна,Варна,Варна,ЧДГ Приятели ЕООД
Варна,Варна,Варна,ЧДГЧебурашка
Шумен,Велики Преслав,Миланово,ДГ ДЕТЕЛИНА
Шумен,Велики Преслав,Троица,ДГ СНЕЖАНКА
Шумен,Велики Преслав,Драгоево,ДГ  Славейче
Шумен,Велики Преслав,Кочово,ДГ ПЪРВИ ЮНИ
Шумен,Велики Преслав,Златар,ДГ  Червената шапчица
Шумен,Велики Преслав,Велики Преслав,ДГ Велики Преслав
Велико Търново,Велико Търново,Велико Търново,ДГ Ален мак
Велико Търново,Велико Търново,Велико Търново,ДГ Райна Княгиня
Велико Търново,Велико Търново,Велико Търново,ДГ Слънце
Велико Търново,Велико Търново,Велико Търново,ДГ Иванка Ботева
Велико Търново,Велико Търново,Велико Търново,ДГ Св.св.К.и Методий
Велико Търново,Велико Търново,Велико Търново,ДГ Ивайло
Велико Търново,Велико Търново,Велико Търново,ДГ Евг.Кисимова
Велико Търново,Велико Търново,Велико Търново,ДГ Първи юни
Велико Търново,Велико Търново,Велико Търново,ДГ Здравец
Велико Търново,Велико Търново,Велико Търново,ДГ Пролет
Велико Търново,Велико Търново,Велико Търново,ДГ Рада Войвода
Велико Търново,Велико Търново,Велико Търново,ДГ Соня
Велико Търново,Велико Търново,Килифарево,ДГ Надежда
Велико Търново,Велико Търново,Дебелец,ДГ Пламъче
Велико Търново,Велико Търново,Ресен,ДГ Вяра Надежда Любов
Велико Търново,Велико Търново,Самоводене,ДГ Пинокио
Велико Търново,Велико Търново,Беляковец,ДГ Мечо Пух
Велико Търново,Велико Търново,Шемшево,ДГ Звездица
Велико Търново,Велико Търново,Водолей,ДГ с.Водолей
Велико Търново,Велико Търново,Церова кория,ДГ Детски свят
Велико Търново,Велико Търново,Балван,ДГ с.Балван
Велико Търново,Велико Търново,Присово,ДГ Смехурко - с.Присово
Пазарджик,Велинград,Грашево,ДГ Кокиче
Пазарджик,Велинград,Драгиново,ДГ Пролет
Пазарджик,Велинград,Велинград,ДГ Фантазия
Пазарджик,Велинград,Велинград,ДГ Радост
Пазарджик,Велинград,Велинград,ДГ Слънчице
Пазарджик,Велинград,Велинград,ДГ Детски рай
Пазарджик,Велинград,Велинград,ДГ Еделвайс
Пазарджик,Велинград,Света Петка,ДГ Юрий Гагарин
Шумен,Венец,Капитан Петко,ДГ Мир
Шумен,Венец,Осеновец,ДГ 1 -ви Юни
Шумен,Венец,Борци,ДГ Знаме на мира
Шумен,Венец,Изгрев,ДГ Снежанка
Шумен,Венец,Ясенково,ДГРадост
Шумен,Венец,Венец,ДГ Щастливо детство
Шумен,Венец,Черноглавци,ДГ Щастливо детство
Русе,Ветово,Смирненски,ДГ Звънче
Русе,Ветово,Глоджево,ДГ Здравец
Русе,Ветово,Ветово,ДГ  Щастливо детство
Варна,Ветрино,Ветрино,ДГ Васил Левски
Варна,Ветрино,Белоградец,ДГ Щастливо детство
Видин,Видин,Видин,ДГ Ж. Попниколов
Видин,Видин,Видин,ДГ Детелина
Видин,Видин,Видин,ДГ Арабела
Видин,Видин,Видин,ДГ Славейче
Видин,Видин,Видин,ДГ Зорница
Видин,Видин,Видин,Детска градина Русалка
Видин,Видин,Видин,ДГ Синчец
Видин,Видин,Дунавци,детска градина
Враца,Враца,Враца,ДГ Знаме на мира
Враца,Враца,Враца,ДГ Звездица
Враца,Враца,Враца,ДГ Българче
Враца,Враца,Враца,ДГ ЕТК
Враца,Враца,Враца,ДГ Дъга
Враца,Враца,Враца,ДГ Слънце
Враца,Враца,Враца,ДГ  Щастливо детство
Враца,Враца,Враца,ДГ Звънче
Враца,Враца,Враца,ДГ Вълшебница
Враца,Враца,Враца,ДГ Детска Вселена
Враца,Враца,Враца,ДГ Детски свят
Враца,Враца,Враца,ДГ Европейчета
Враца,Враца,Враца,ДГ Славейче
Враца,Враца,Враца,ДГ Брезичка
Враца,Враца,Враца,ДГ Радост
Враца,Враца,Враца,ДГ Зора
Монтана,Вълчедръм,Вълчедръм,ДГ Слънчице
Монтана,Вълчедръм,Вълчедръм,ДГ Патиланци
Монтана,Вълчедръм,Мокреш,ДГ Светулка
Монтана,Вълчедръм,Септемврийци,ДГ Калинка
Монтана,Вълчедръм,Златия,ДГ Мечо Пух
Монтана,Вълчедръм,Долни Цибър,ДГ Щастливо детство
Варна,Вълчи дол,Вълчи дол,ДГ Здравец
Варна,Вълчи дол,Стефан Караджа,ДГ Звездица
Варна,Вълчи дол,Генерал Киселово,ДГ Надежда Крупская
Варна,Вълчи дол,Михалич,ДГ Слънце
Шумен,Върбица,Нова бяла река,ДГ Щастливо детство
Шумен,Върбица,Менгишево,ДГ Червената шапчица
Шумен,Върбица,Сушина,ДГ Снежанка
Шумен,Върбица,Тушовица,ДГ Щурче
Шумен,Върбица,Чернооково,ДГ Младост
Шумен,Върбица,Станянци,ДГ Слънце
Шумен,Върбица,Бяла река,ЦДГ Кокиче
Шумен,Върбица,Ловец,ДГ Детелина
Шумен,Върбица,Върбица,ДГ Славейче
Шумен,Върбица,Иваново,ДГ Детски свят
Шумен,Върбица,Маломир,ДГ Мир
Монтана,Вършец,Вършец,ДГ Слънце
Габрово,Габрово,Габрово,ДГ Дъга-Габрово
Габрово,Габрово,Габрово,ДГ Ран Босилек-Габрово
Габрово,Габрово,Габрово,ДГ Слънце-Габрово
Габрово,Габрово,Габрово,ДГ Перуника-Габрово
Габрово,Габрово,Габрово,ДГ Мики Маус - Габрово
Габрово,Габрово,Габрово,ДГ Явор-Габрово
Габрово,Габрово,Габрово,ДГ Първи юни
Габрово,Габрово,Габрово,ДГ Радост-Габрово
Габрово,Габрово,Габрово,ДГ Мечо Пух-Габрово
Габрово,Габрово,Габрово,ДГ Младост-Габрово
Добрич,Генерал Тошево,Генерал Тошево,ДГ Пролет
Добрич,Генерал Тошево,Генерал Тошево,ДГ Първи юни
Добрич,Генерал Тошево,Кардам,ДГ Дъга
Добрич,Генерал Тошево,Спасово,ДГ с. Спасово
Добрич,Генерал Тошево,Люляково,ДГ
Добрич,Генерал Тошево,Преселенци,ДГ Слънчо
Добрич,Генерал Тошево,Василево,ДГ
Добрич,Генерал Тошево,Красен,ДГ
Добрич,Генерал Тошево,Пчеларово,ДГ Дора Габе
Добрич,Генерал Тошево,Присад,ДГ
Монтана,Георги Дамяново,Георги Дамяново,ДГ Детелина
Силистра,Главиница,Главиница,ДГ Св. Св. Кирил и Методий
София-област,Годеч,Годеч,ДГ - Годеч
София-област,Горна Малина,Горна Малина,ДГ
Велико Търново,Горна Оряховица,Горна Оряховица,ДГ Ален Мак
Велико Търново,Горна Оряховица,Горна Оряховица,ДГ Божур
Велико Търново,Горна Оряховица,Горна Оряховица,ДГ Елена Грънчарова
Велико Търново,Горна Оряховица,Горна Оряховица,ДГ Здравец
Велико Търново,Горна Оряховица,Горна Оряховица,ДГ Първи юни
Велико Търново,Горна Оряховица,Горна Оряховица,ДГ Щастливо детство
Велико Търново,Горна Оряховица,Долна Оряховица,ДГ Детска радост
Велико Търново,Горна Оряховица,Върбица,ДГ Слънчице
Велико Търново,Горна Оряховица,Поликраище,ДГ Д.Генков
Велико Търново,Горна Оряховица,Първомайци,ДГ Здравец
Благоевград,Гоце Делчев,Лъжница,ДГ  Мечта
Благоевград,Гоце Делчев,Буково,ДГ Звездичка
Благоевград,Гоце Делчев,Гоце Делчев,ДГ Калинка
Благоевград,Гоце Делчев,Гоце Делчев,ДГ Снежанка
Благоевград,Гоце Делчев,Гоце Делчев,ДГ Джани Родари
Благоевград,Гоце Делчев,Гоце Делчев,ДГ Детелина
Благоевград,Гоце Делчев,Гоце Делчев,ДГ Радост
Благоевград,Гоце Делчев,Гоце Делчев,ДГ Брезичка 
Благоевград,Гоце Делчев,Гоце Делчев,ДГ Слънце
Благоевград,Гоце Делчев,Мосомище,ДГ Пролет
Благоевград,Гоце Делчев,Брезница,ДГ - Брезница
Благоевград,Гоце Делчев,Корница,ДГ Щастливо детство
Видин,Грамада,Грамада,ДГ Тодор Титоренков
Плевен,Гулянци,Гулянци,ДГ Незабравка
Плевен,Гулянци,Милковица,ДГ Детска радост
Плевен,Гулянци,Гиген,ДГ Първи юни
Плевен,Гулянци,Брест,ДГ Щастливо детство
Плевен,Гулянци,Сомовит,ДГ Слънце
Плевен,Гулянци,Шияково,ДГ Здравец
Стара Загора,Гурково,Гурково,ДГ Латинка
Стара Загора,Гълъбово,Гълъбово,ДГ Наталия
Стара Загора,Гълъбово,Гълъбово,ДГ Радост
Благоевград,Гърмен,Рибново,ДГ Светлина
Благоевград,Гърмен,Дебрен,ДГ Никола Вапцаров
Благоевград,Гърмен,Огняново,ДГДетелина
Благоевград,Гърмен,Дъбница,ДГ Пролет
Благоевград,Гърмен,Долно Дряново,ДГ Слънце
Благоевград,Гърмен,Гърмен,ДГ Брезичка
Русе,Две могили,Баниска,ДГ Първи юни
Русе,Две могили,Две могили,ДГ Св. св. Кирил и Методий
Смолян,Девин,Девин,ДГ Изворче
Смолян,Девин,Девин,ДГЗдравец
Смолян,Девин,Грохотно,ДГ Катя Ванчева
Смолян,Девин,Гьоврен,ДГ Радост
Варна,Девня,Девня,ДГ Незабравка
Кърджали,Джебел,Джебел,ДГ Изгрев
Кърджали,Джебел,Припек,ДГ Песнопой
Кърджали,Джебел,Джебел,ДГ Щaстливо детство
Кърджали,Джебел,Рогозче,ДГ Рай
Хасково,Димитровград,Димитровград,ДГ №1
Хасково,Димитровград,Димитровград,ДГ №3
Хасково,Димитровград,Димитровград,ДГ №2
Хасково,Димитровград,Димитровград,ДГ Слънце
Хасково,Димитровград,Димитровград,ДГ Райна Княгиня
Хасково,Димитровград,Димитровград,ДГ №4
Хасково,Димитровград,Димитровград,ДГ Лилия
Видин,Димово,Димово,ДГ Слънце
Видин,Димово,Арчар,ДГ Кокиче
Видин,Димово,Орешец,ДГ Снежанка
Добрич,Добрич,Добрич,ДГ № 7
Добрич,Добрич,Добрич,ДГ № 8
Добрич,Добрич,Добрич,ДГ № 9
Добрич,Добрич,Добрич,ДГ № 10
Добрич,Добрич,Добрич,ДГ № 12
Добрич,Добрич,Добрич,ДГ №17
Добрич,Добрич,Добрич,ДГ № 18
Добрич,Добрич,Добрич,ДГ № 20
Добрич,Добрич,Добрич,ДГ № 23
Добрич,Добрич,Добрич,ДГ № 24
Добрич,Добрич,Добрич,ДГ № 25
Добрич,Добрич,Добрич,ДГ № 26
Добрич,Добрич,Добрич,ДГ № 27
Добрич,Добрич,Добрич,ДГ № 32
Добрич,Добричка,Дончево,ДГ
Добрич,Добричка,Батово,ДГ
Добрич,Добричка,Стефаново,ДГДЪГА
Добрич,Добричка,Одърци,ДГ
Добрич,Добричка,Сливенци,ДГСлънце
Добрич,Добричка,Ведрина,ДГ
Добрич,Добричка,Владимирово,ДГ
Добрич,Добричка,Подслон,ДГ
Добрич,Добричка,Фелдфебел Денково,ДГ
Добрич,Добричка,Житница,ДГ
Добрич,Добричка,Ловчанци,ДГ
Добрич,Добричка,Черна,ДГ
Добрич,Добричка,Долина,ДГ
Добрич,Добричка,Царевец,ДГ
Добрич,Добричка,Бранище,ДГ
Добрич,Добричка,Паскалево,ДГ
Добрич,Добричка,Божурово,ДГ
Добрич,Добричка,Смолница,ДГ
Добрич,Добричка,Стожер,ДГЗдравец
Добрич,Добричка,Карапелит,ДГ
Добрич,Добричка,Воднянци,ДГ
Добрич,Добричка,Лясково,ДГ
Добрич,Добричка,Овчарово,ДГ
Добрич,Добричка,Плачидол,ДГМики Маус
Добрич,Добричка,Котленци,ДГ
Добрич,Добричка,Победа,ДГ
Добрич,Добричка,Бенковски,ДГ
Добрич,Добричка,Стефан Караджа,ДГ
Добрич,Добричка,Пчелино,ДГ
Добрич,Добричка,Алцек,ДГ
София-област,Долна баня,Долна баня,ДГ Юрий Гагарин
Плевен,Долна Митрополия,Тръстеник,ДГ Щастливо детство
Плевен,Долна Митрополия,Долна Митрополия,ДГЗдравец
Плевен,Долна Митрополия,Горна Митрополия,ДГ Незабравка
Плевен,Долна Митрополия,Ставерци,ДГ В. Иванов
Плевен,Долна Митрополия,Комарево,ДГ Бреза
Плевен,Долна Митрополия,Ореховица,ДГ Слънце
Плевен,Долна Митрополия,Крушовене,ДГ Кокиче
Плевен,Долна Митрополия,Божурица,ДГ Божур
Плевен,Долни Дъбник,Долни Дъбник,ДГ Щастливо детство
Плевен,Долни Дъбник,Горни Дъбник,ДГ Цвята Христова
Плевен,Долни Дъбник,Крушовица,ДГ Цано Велчев
Плевен,Долни Дъбник,Садовец,ДГ Гергана
Плевен,Долни Дъбник,Бъркач,ДГ Васил Цаков
Плевен,Долни Дъбник,Петърница,ДГЩастливо детство
Плевен,Долни Дъбник,Градина,ДГ Калина Малина
Варна,Долни чифлик,Долни чифлик,ДГ Мечо Пух
Варна,Долни чифлик,Старо Оряхово,ДГ Щастливо детство
Варна,Долни чифлик,Венелин,ДГ Здравец
Варна,Долни чифлик,Пчелник,ДГ Пламъче
Варна,Долни чифлик,Гроздьово,ДГ Щурче
Смолян,Доспат,Доспат,ДГ  СЛЪНЦЕ
Смолян,Доспат,Барутин,ДГ ЕЛИЦА - с. Барутин
Смолян,Доспат,Любча,ДГ - Любча
Смолян,Доспат,Змеица,ДГ Звънче
Смолян,Доспат,Късак,ДГ МЕЧТА - с. Късак
Смолян,Доспат,Црънча,ДГ ЗОРА - с. Црънча
Смолян,Доспат,Бръщен,ДГ КОКИЧЕ
София-област,Драгоман,Драгоман,ДГ Радост
Габрово,Дряново,Дряново,ДГДетелина
Силистра,Дулово,Окорш,ДГ Първи юни
Силистра,Дулово,Дулово,ДГ Мир
Силистра,Дулово,Паисиево,ДГ Пролет
Силистра,Дулово,Чернолик,ДГ Здравец
Силистра,Дулово,Дулово,ДГ Щастливо детство
Силистра,Дулово,Межден,ДГ Пролет
Кюстендил,Дупница,Дупница,ДГ Мечта
Кюстендил,Дупница,Дупница,ДГ Детелина
Кюстендил,Дупница,Дупница,ДГ Зора
Кюстендил,Дупница,Дупница,ДГКалина
Кюстендил,Дупница,Дупница,ДГ Слънце
Кюстендил,Дупница,Яхиново,ДГ Радост-с.Яхиново
Варна,Дългопол,Дългопол,ДГ Детелина
Варна,Дългопол,Партизани,ДГ Първи юни
Варна,Дългопол,Медовец,ДГ Щастливо детство
Варна,Дългопол,Цонево,ДГ Пролет
Велико Търново,Елена,Елена,ДГ Радост
Велико Търново,Елена,Беброво,ДГ Вяра Надежда и Любов
Велико Търново,Елена,Константин,ДГ Щастливо детство
Велико Търново,Елена,Майско,ДГ Приказен свят
Велико Търново,Елена,Каменари,ДГ Мир с. Каменари
София-област,Елин Пелин,Равно поле,ДГКокичe
София-област,Елин Пелин,Столник,ДГ Зорница
София-област,Елин Пелин,Мусачево,ДГ Пчелица
София-област,Елин Пелин,Петково,ДГ Звездичка-с.Петково
София-област,Елин Пелин,Доганово,ДГ Камбанка
София-област,Елин Пелин,Нови хан,ДГ Детелина
София-област,Елин Пелин,Елин Пелин,ДГ Радост
София-област,Елин Пелин,Елин Пелин,ДГ Здравец
София-област,Елин Пелин,Елин Пелин,ДГ Слънце
София-област,Елин Пелин,Габра,ДГ Детелинка
София-област,Елин Пелин,Лесново,ДГСлавейче
Ямбол,Елхово,Елхово,ДГНадежда
Ямбол,Елхово,Елхово,ДГ Невен
София-област,Етрополе,Етрополе,ДГ Звънче
София-област,Етрополе,Етрополе,ДГСЛЪНЧИЦЕ
София-област,Етрополе,Етрополе,ДГ Еделвайс
Разград,Завет,Завет,ДГ Слънчо
Разград,Завет,Брестовене,ДГ Ч. Шапчица
Разград,Завет,Сушево,ДГОсми Март
Разград,Завет,Острово,ДГ Радост
Разград,Завет,Веселец,ДГ Пролет
Перник,Земен,Земен,ДГ Детелина
Велико Търново,Златарица,Златарица,ДГ Славейче
Велико Търново,Златарица,Горско ново село,ДГ Слънце
Велико Търново,Златарица,Родина,ДГ Пролет
Велико Търново,Златарица,Средно село,ДГ Детелина
София-област,Златица,Златица,ДГ Вяра Надежда Любов
София-област,Златица,Златица,ДГ Слънце
Смолян,Златоград,Златоград,ДГ Снежанка
Смолян,Златоград,Златоград,ДГ Радост
Смолян,Златоград,Старцево,ДГ ЩАСТЛИВО ДЕТСТВО
Смолян,Златоград,Ерма река,ДГ Детелина
Смолян,Златоград,Долен,ДГ ДЕТСКИ СВЯТ
Хасково,Ивайловград,Железино,ДГ
Хасково,Ивайловград,Ивайловград,ДГИвайловград
Русе,Иваново,Иваново,ДГ Ален мак
Плевен,Искър,Искър,ДГ Мара Балева
Плевен,Искър,Долни Луковит,ДГ Щастливо детство
Разград,Исперих,Исперих,ДГ Щастливо детство
Разград,Исперих,Исперих,ДГ Слънце
Разград,Исперих,Исперих,ДГ №3 Мечо Пух
Разград,Исперих,Исперих,ДГ Първи юни
Разград,Исперих,Вазово,ДГ Кокиче
Разград,Исперих,Тодорово,ДГ Братя Грим
Разград,Исперих,Лудогорци,ДГ Дора Габе
Разград,Исперих,Подайва,ДГ Радост
Разград,Исперих,Яким Груево,ДГ Осми март
Разград,Исперих,Свещари,ДГ Радост
Разград,Исперих,Йонково,ДГ Кокиче
Разград,Исперих,Малък Поровец,ДГ Щастливо детство
Разград,Исперих,Китанчево,ДГ Щастливо детство
Разград,Исперих,Делчево,ДГ Детелина
София-област,Ихтиман,Ихтиман,ДГ Радост
София-област,Ихтиман,Ихтиман,ДГ  Здравец
София-област,Ихтиман,Ихтиман,ДГГьончо Белев
Добрич,Каварна,Каварна,ДГ 3 Радост
Добрич,Каварна,Каварна,ДГ ЗДРАВЕЦ
Добрич,Каварна,Каварна,ДГ Детелина
Добрич,Каварна,Раковски,ДГ Калинка- с.Раковски общ.
Добрич,Каварна,Българево,ДГ Калиакра с.Българево
Добрич,Каварна,Септемврийци,ДГ Слънце
Стара Загора,Казанлък,Казанлък,ДГ №1 Здравец
Стара Загора,Казанлък,Казанлък,ДГ №2 Снежанка
Стара Загора,Казанлък,Казанлък,ДГ №3 Теменуга
Стара Загора,Казанлък,Казанлък,ДГ № 6 Еделвайс К-к
Стара Загора,Казанлък,Казанлък,ДГ №7 Буратино
Стара Загора,Казанлък,Казанлък,ДГ №8 Юрий Гагарин
Стара Загора,Казанлък,Казанлък,ДГ №9 Слънчице
Стара Загора,Казанлък,Казанлък,ДГ №11 Слънце
Стара Загора,Казанлък,Казанлък,ДГ № 13 Мечо Пух
Стара Загора,Казанлък,Казанлък,ДГ Звънче 15
Стара Загора,Казанлък,Казанлък,ДГ №16 Роза
Стара Загора,Казанлък,Казанлък,ДГ№17 Славейче
Стара Загора,Казанлък,Казанлък,ДГ №18 Пчелица - Казанлък
Стара Загора,Казанлък,Казанлък,ДДГ Детелина към МО
Силистра,Кайнарджа,Кайнарджа,ДГ Еделвайс
Пловдив,Калояново,Дуванлии,ДГ Иглика
Пловдив,Калояново,Бегово,ДГ Радост
Пловдив,Калояново,Дълго поле,ДГ Първи юни
Пловдив,Калояново,Долна махала,ДГ Валентина Терешкова
Пловдив,Калояново,Ръжево Конаре,ДГ  Никола Инджов
Пловдив,Калояново,Калояново,ДГ Детелина
Пловдив,Калояново,Иван Вазово,ДГ Щастливо детство
Пловдив,Калояново,Житница,ДГ Детски свят
Бургас,Камено,Камено,ДГ  Слънце 
Бургас,Камено,Кръстина,ДГ
Бургас,Камено,Русокастро,ДГДетелина
Бургас,Камено,Свобода,ДГ
Бургас,Камено,Трояново,ДГ
Бургас,Камено,Черни връх,ДГ
Шумен,Каолиново,Тодор Икономово,ДГЩастливо детство
Шумен,Каолиново,Каолиново,ДГ №2
Шумен,Каолиново,Браничево,ДГЩастливо детство
Шумен,Каолиново,Дойранци,ДГЛиляна Димитрова
Шумен,Каолиново,Гусла,ДГСлавейче
Шумен,Каолиново,Долина,ДГЗорница
Шумен,Каолиново,Климент,ДГСлънчево детство
Шумен,Каолиново,Средковец,ДГ Снежанка
Шумен,Каолиново,Тъкач,ДГПролет
Шумен,Каолиново,Каолиново,ДГ № 1 Снежанка
Шумен,Каолиново,Лятно,ДГЧервена шапчица
Шумен,Каолиново,Наум,ДГЩастливо детство
Шумен,Каолиново,Сини вир,ДГЗдравец
Шумен,Каолиново,Загориче,ДГ Червена шапчица
Шумен,Каолиново,Пристое,ДГРадост
Пловдив,Карлово,Карлово,ДГ Зорница гр. Карлово
Пловдив,Карлово,Карлово,ДГ Първи юни
Пловдив,Карлово,Карлово,ДГ Слънце
Пловдив,Карлово,Карлово,ДГ Гина Кунчева
Пловдив,Карлово,Карлово,ДГ Васил Левски
Пловдив,Карлово,Клисура,ДГ
Пловдив,Карлово,Калофер,ДГ Радост
Пловдив,Карлово,Баня,ДГ гр. Баня
Пловдив,Карлово,Карлово,ДДГ Светлина
Бургас,Карнобат,Карнобат,ДГМир
Бургас,Карнобат,Екзарх Антимово,ДГ М. Палаузов
Бургас,Карнобат,Карнобат,ДГВълшебство
Бургас,Карнобат,Карнобат,ДГ Яна Лъскова
Бургас,Карнобат,Карнобат,ДГ Славейче
Бургас,Карнобат,Карнобат,ДГ Иглика
Бургас,Карнобат,Кликач,ДГ Пролет
Шумен,Каспичан,Плиска,ДГДетелина
Шумен,Каспичан,Златна нива,ДГ Червената шапчица
Шумен,Каспичан,Каспичан,ДГ  РАДОСТ 
Шумен,Каспичан,Каспичан,ДГСнежанка
Шумен,Каспичан,Марково,ДГАлен мак
Шумен,Каспичан,Косово,ДГ Червената шапчица
Кърджали,Кирково,Завоя,ДГ Кокиче
Кърджали,Кирково,Фотиново,ДГ Слънце
Кърджали,Кирково,Тихомир,ДГ Граничар
Кърджали,Кирково,Горно Кирково,ДГ Дъга
Кърджали,Кирково,Чорбаджийско,ДГСлънце
Кърджали,Кирково,Добромирци,ДГ Снежанка
Кърджали,Кирково,Горски извор,ДГ Родопска слава
Кърджали,Кирково,Първица,ДГПролет
Кърджали,Кирково,Хаджийско,ДГ Мечо Пух
Кърджали,Кирково,Бенковски,ДГ Мики Маус
Кърджали,Кирково,Дрангово,ДГ Славейче
Кърджали,Кирково,Чакаларово,ДГПролет
Кърджали,Кирково,Старово,ДГ Мир
Плевен,Кнежа,Кнежа,ДГ Мечо Пух
Плевен,Кнежа,Кнежа,ДГ Звездица
Плевен,Кнежа,Кнежа,ДГОгнян Михайлов
Плевен,Кнежа,Бреница,ДГ Детска планета
Плевен,Кнежа,Еница,ДГ Л.Димитрова
Перник,Ковачевци,Лобош,ДГ Радост - с.Лобош
Враца,Козлодуй,Козлодуй,ДГ Слънчице
Враца,Козлодуй,Козлодуй,ДГЗвънче
Враца,Козлодуй,Козлодуй,ДГ Радост
Враца,Козлодуй,Козлодуй,ДГ Мир
Враца,Козлодуй,Бутан,ДГ Първи юни
Враца,Козлодуй,Хърлец,ДГ Здравец
Враца,Козлодуй,Гложене,ДГРадост
София-област,Копривщица,Копривщица,ДГЕвлампия Векилова
София-област,Костенец,Костенец,ДГ Звънче
София-област,Костенец,Костенец,ДГЗдравец 
София-област,Костенец,Костенец,ДГРадост
София-област,Костинброд,Костинброд,ЧДГЗемя на децата
София-област,Костинброд,Костинброд,ДГ Радост
София-област,Костинброд,Драговищица,ДГДЕТЕЛИНА
София-област,Костинброд,Костинброд,ДГ Пролет
София-област,Костинброд,Петърч,ДГ Виолина
Сливен,Котел,Мокрен,ДГ
Сливен,Котел,Кипилово,ДГ Детелина
Сливен,Котел,Котел,ДГ Дъга
Сливен,Котел,Пъдарево,ДГ Вела Пеева
Сливен,Котел,Филаретово,ДГ Радост
Сливен,Котел,Ябланово,ДГ Слънчо
Кюстендил,Кочериново,Кочериново,ДГ Ален мак
Благоевград,Кресна,Кресна,ДГ  Здраве
Враца,Криводол,Криводол,ДГ Славейче
Враца,Криводол,Ракево,ДГ Калина Малина
Пловдив,Кричим,Кричим,ДГ Ралица
Пловдив,Кричим,Кричим,ДГ Незабравка
Кърджали,Крумовград,Крумовград,ДГ М. Палаузов
Кърджали,Крумовград,Крумовград,ДГ  Юрий Гагарин
Кърджали,Крумовград,Странджево,ДГ Искра
Кърджали,Крумовград,Егрек,ДГ Лилия Карастоянова
Кърджали,Крумовград,Каменка,ДГ Ран Босилек
Кърджали,Крумовград,Пелин,ДГМир
Кърджали,Крумовград,Токачка,ДГ Слънце
Кърджали,Крумовград,Поточница,ДГ Радост
Добрич,Крушари,Крушари,ДГ
Разград,Кубрат,Кубрат,ДГ №2 Щ-во детство
Разград,Кубрат,Кубрат,ДГ №1 Здравец
Разград,Кубрат,Юпер,ДГ Първи юни
Разград,Кубрат,Бисерци,ДГ Слънчо
Разград,Кубрат,Севар,ДГ Пролет
Пловдив,Куклен,Куклен,ДГ Приятели
Видин,Кула,Кула,ДГ Звънче-гр.Кула
Кърджали,Кърджали,Кърджали,ДГ Щастие
Кърджали,Кърджали,Кърджали,ДГЧайка
Кърджали,Кърджали,Кърджали,ДГ Максим Горки
Кърджали,Кърджали,Кърджали,ДГ Райна Княгиня
Кърджали,Кърджали,Кърджали,ДГ Вяра Надежда и Любов
Кърджали,Кърджали,Кърджали,ДГ Здравец
Кърджали,Кърджали,Кърджали,ДГ Детелина
Кърджали,Кърджали,Кърджали,ДГ Дъга
Кърджали,Кърджали,Кърджали,ДГ Ян Бибиян
Кърджали,Кърджали,Кърджали,ДГ Баба Тонка
Кърджали,Кърджали,Кърджали,ДГ Орфей
Кърджали,Кърджали,Стремци,ДГ Мики Маус
Кърджали,Кърджали,Чифлик,ДГ Мечо Пух
Кърджали,Кърджали,Широко поле,ДГ Славейче
Кърджали,Кърджали,Мост,ДГ Кокиче
Кърджали,Кърджали,Чилик,ДГ Знаме на мира
Кърджали,Кърджали,Опълченско,ДГ Делфини
Кърджали,Кърджали,Рани лист,ДГ Пролет
Кърджали,Кърджали,Енчец,ДГ Снежанка
Кърджали,Кърджали,Три могили,ДГ Пчеличка
Кърджали,Кърджали,Кърджали,ДГ Мир
Кюстендил,Кюстендил,Кюстендил,ДГ ЕДЕЛВАЙС
Кюстендил,Кюстендил,Кюстендил,ДГ Слънцe
Кюстендил,Кюстендил,Кюстендил,ДГ Мечта
Кюстендил,Кюстендил,Кюстендил,ДГ 1 юни
Кюстендил,Кюстендил,Кюстендил,ДГ Славейче
Кюстендил,Кюстендил,Кюстендил,ДГ Май
Плевен,Левски,Левски,ДГ Слънце
Плевен,Левски,Левски,ДГ Локомотив
Плевен,Левски,Малчика,ДГЛюляк
Плевен,Левски,Обнова,ДГТеменуга
Пазарджик,Лесичово,Лесичово,ДГ
Пазарджик,Лесичово,Калугерово,ДГ
Ловеч,Летница,Летница,ДГ Ирина Бачо Кирова
Ловеч,Ловеч,Ловеч,ДГ Люляче
Ловеч,Ловеч,Ловеч,ДГ Мария Сиркова
Ловеч,Ловеч,Ловеч,ДГ Снежанка
Ловеч,Ловеч,Ловеч,ДГ Радост
Ловеч,Ловеч,Ловеч,ДГ Детелина
Ловеч,Ловеч,Ловеч,ДГ 1-ви юни
Ловеч,Ловеч,Ловеч,ДГ Зора
Ловеч,Ловеч,Дойренци,ДГ Кокиче
Ловеч,Ловеч,Ловеч,ДГ Слънце
Разград,Лозница,Лозница,ДГ Веселие
Монтана,Лом,Лом,ДГ №1 Снежанка
Монтана,Лом,Лом,ДГ 2 Червената шапчица
Монтана,Лом,Лом,ДГ №3 Звездица
Монтана,Лом,Лом,ДГ №6 В. Пишурка
Монтана,Лом,Лом,ДГ №7 Калинка
Монтана,Лом,Лом,ДГ №12 Звънче
Монтана,Лом,Лом,ДГ Пчелица-14
Монтана,Лом,Замфир,ДГ Малечко-Палечко
Монтана,Лом,Ковачица,ДГ Здравец
Ловеч,Луковит,Луковит,ДГ Звънче
Ловеч,Луковит,Луковит,ДГ Червената шапчица
Ловеч,Луковит,Луковит,ДГ Слънце
Ловеч,Луковит,Дерманци,ДГ Славейче
Ловеч,Луковит,Торос,ДГ Зорница
Пловдив,Лъки,Лъки,ДГ Юрий Гагарин
Хасково,Любимец,Любимец,ДГ РАЙ
Велико Търново,Лясковец,Лясковец,ДГ Пчелица
Велико Търново,Лясковец,Лясковец,ДГ Радост
Велико Търново,Лясковец,Лясковец,ДГ Славейче
Велико Търново,Лясковец,Драгижево,ДГ
Велико Търново,Лясковец,Джулюница,ДГ СЛ.ЧУЧУЛИГА
Велико Търново,Лясковец,Козаревец,ДГ Детелина
Смолян,Мадан,Мадан,ДГ  Елица
Смолян,Мадан,Средногорци,ДГ Щурче
Смолян,Мадан,Букова поляна,ДГ Пролет
Смолян,Мадан,Върбина,ДГ Мир
Смолян,Мадан,Боровина,ДГ Детелина
Хасково,Маджарово,Маджарово,ДГ Лиляна Димитрова 
Видин,Макреш,Макреш,Детска градина
Бургас,Малко Търново,Малко Търново,ДГ  Юрий Гагарин
Бургас,Малко Търново,Звездец,ДГ Ален мак
Пловдив,Марица,Манолско Конаре,ДГ Лилия
Пловдив,Марица,Царацово,ДГ Пролет
Пловдив,Марица,Трилистник,ДГ Ален мак
Пловдив,Марица,Труд,ДГ Бисер
Пловдив,Марица,Калековец,ДГ Весела
Пловдив,Марица,Скутаре,ДГ Синчец
Пловдив,Марица,Крислово,ДГ Детелина
Пловдив,Марица,Маноле,ДГ Мечта
Пловдив,Марица,Рогош,ДГ Пролет
Пловдив,Марица,Граф Игнатиево,ДГ Здравец
Пловдив,Марица,Войсил,ДГ
Пловдив,Марица,Строево,ДГ Детелина
Пловдив,Марица,Радиново,ДГ Щастливо детство
Пловдив,Марица,Костиево,ДГ Буратино
Пловдив,Марица,Войводиново,ДГ Ралица
Пловдив,Марица,Бенковски,ДГ Елица
Монтана,Медковец,Расово,ДГ Щурче
Монтана,Медковец,Медковец,ДГ Слънчева дъга
Враца,Мездра,Мездра,ДГ Детелина
Враца,Мездра,Мездра,ДГ Роза
Враца,Мездра,Мездра,ДГ  Мир
Враца,Мездра,Мездра,ДГ Слънчице
Враца,Мездра,Зверино,ДГ Звездичка
Враца,Мизия,Мизия,ДГ Незабравка
Хасково,Минерални бани,Минерални бани,ДГ Снежанка
София-област,Мирково,Мирково,Д.Г. Д.Габе
Кърджали,Момчилград,Момчилград,ДГ Здравец
Кърджали,Момчилград,Момчилград,ДГ Щастливо детство
Кърджали,Момчилград,Момчилград,ДГ Зорница
Кърджали,Момчилград,Звездел,ДГ Щастливо детство
Кърджали,Момчилград,Груево,ДГ Слънце
Кърджали,Момчилград,Нановица,ДГ Пролет
Монтана,Монтана,Монтана,ДГ 1 „Щастливо детство“
Монтана,Монтана,Монтана,ДГ №2 Незабравка
Монтана,Монтана,Монтана,ДГ №3 Буратино
Монтана,Монтана,Монтана,ДГ №4 Калинка
Монтана,Монтана,Монтана,ДГ N 5 Дъга
Монтана,Монтана,Монтана,ДГ №6 Слънце
Монтана,Монтана,Монтана,ДГ №7 Приказен свят
Монтана,Монтана,Монтана,ДГ №8
Монтана,Монтана,Монтана,ДГ №9 ЗОРА
Монтана,Монтана,Монтана,ДГ 10 Детелина
Монтана,Монтана,Монтана,ДГ N 11
Монтана,Монтана,Монтана,ДГ № 12 Здравец
Стара Загора,Мъглиж,Мъглиж,ДГ Камбанка
Стара Загора,Мъглиж,Ветрен,ДГ Здравец
Стара Загора,Мъглиж,Дъбово,ДГ Детелина Дъбово
Стара Загора,Мъглиж,Ягода,ДГ1 юни
Кюстендил,Невестино,Невестино,ДГ Райна Княгиня
Смолян,Неделино,Неделино,ДГ Слънце
Смолян,Неделино,Неделино,ДГ Пролет
Бургас,Несебър,Несебър,ДГ Яна Лъскова
Бургас,Несебър,Несебър,ДГ Калина Малина
Бургас,Несебър,Обзор,ДГ Обзорче
Бургас,Несебър,Несебър,ДГСлънце
Бургас,Несебър,Свети Влас,ДГДелфинче
Бургас,Несебър,Гюльовца,ДГ Усмивка
Бургас,Несебър,Кошарица,ДГ Детски свят
Бургас,Несебър,Оризаре,ДГ Радост
Бургас,Несебър,Равда,ДГ Мечо Пух
Бургас,Несебър,Тънково,ДГ Пролет
Бургас,Несебър,Несебър,ДГ Моряче
Шумен,Никола Козлево,Каравелово,ДГ Щастливо Детство
Шумен,Никола Козлево,Църквица,ДГЗдравец
Шумен,Никола Козлево,Крива река,ДГ Слънчево Детство
Шумен,Никола Козлево,Ружица,ДГ Пролет
Шумен,Никола Козлево,Никола Козлево,ДГ Зорница
Шумен,Никола Козлево,Вълнари,ДГ Ален мак
Шумен,Никола Козлево,Пет могили,ДГ Радост
Стара Загора,Николаево,Николаево,ДГ Снежанка
Плевен,Никопол,Никопол,ДГ №1Щастливо детство
Плевен,Никопол,Новачене,ДГ Г.Иванов
Плевен,Никопол,Муселиево,ДГ Здравец
Плевен,Никопол,Дебово,ДГ Щастливо детство
Сливен,Нова Загора,Асеновец,ДГ Усмивка
Сливен,Нова Загора,Богданово,ДГ „Вълшебен свят“
Сливен,Нова Загора,Дядово,ДГ „Дядовата ръкавичка“
Сливен,Нова Загора,Еленово,ДГ „Щастливо детство
Сливен,Нова Загора,Караново,ДГ Патиланци
Сливен,Нова Загора,Коньово,ДГ „Веселушко“
Сливен,Нова Загора,Кортен,ДГ Бърборино
Сливен,Нова Загора,Любенец,ДГ „Мечтатели“
Сливен,Нова Загора,Любенова махала,ДГ
Сливен,Нова Загора,Млекарево,ДГ „Детство
Сливен,Нова Загора,Нова Загора,ДГ Слънчице
Сливен,Нова Загора,Нова Загора,ДГ Надежда
Сливен,Нова Загора,Нова Загора,ДГ Тракийче
Сливен,Нова Загора,Нова Загора,ДГ Бодра смяна
Сливен,Нова Загора,Нова Загора,ДГ Детски свят
Сливен,Нова Загора,Радецки,ДГ „Детелина“
Сливен,Нова Загора,Стоил войвода,ДГ „Малчугани“
Сливен,Нова Загора,Съдиево,ДГ Дъга
Сливен,Нова Загора,Съдийско поле,ДГ „Звездица“
Сливен,Нова Загора,Събрано,ДГ „Звездичка“
Шумен,Нови пазар,Избул,ДГГорска теменужка
Шумен,Нови пазар,Стоян Михайловски,ДГСИНЧЕЦ
Шумен,Нови пазар,Памукчии,ДГСлънчо
Шумен,Нови пазар,Войвода,ДГ Здравец
Шумен,Нови пазар,Нови пазар,ДГ № 2 Калина Малина
Шумен,Нови пазар,Нови пазар,ДГ Зорница
Шумен,Нови пазар,Нови пазар,ДГ Пролет
Шумен,Нови пазар,Мировци,ДГ Радост
Шумен,Нови пазар,Нови пазар,ДГ Китка
Видин,Ново село,Ново село,ДГ Акад. Ст. Младенов
Търговище,Омуртаг,Омуртаг,ДГ № 1 Радост
Търговище,Омуртаг,Камбурово,ДГ № 2 Усмивка
Търговище,Опака,Опака,ДГ Усмивка
Стара Загора,Опан,Бял извор,ДГИзворче
Враца,Оряхово,Оряхово,ДГ Дружба
Враца,Оряхово,Оряхово,ДГ Пролет
Враца,Оряхово,Селановци,ДГ Мир
Враца,Оряхово,Остров,ДГ Слънчице
Стара Загора,Павел баня,Габарево,ДГСлавейче
Стара Загора,Павел баня,Павел баня,ДГ Синчец
Стара Загора,Павел баня,Тъжа,ДГНезабравка
Стара Загора,Павел баня,Манолово,ДГЕделвайс
Стара Загора,Павел баня,Осетеново,ДГРадост
Стара Загора,Павел баня,Александрово,ДГ Дружба
Стара Загора,Павел баня,Търничени,ДГ Ален мак
Стара Загора,Павел баня,Горно Сахране,ДГДетелина
Стара Загора,Павел баня,Скобелево,ДГ Радост
Велико Търново,Павликени,Павликени,ДГ  8 - ми март
Велико Търново,Павликени,Павликени,ДГ Слънце
Велико Търново,Павликени,Павликени,ДГ №5 Вяра Надежда Любов
Велико Търново,Павликени,Батак,ДГ Св.Св.К.и Методий
Велико Търново,Павликени,Бяла черква,ДГ Ат.Неделчев
Велико Търново,Павликени,Върбовка,ДГ Цветни мечти
Велико Търново,Павликени,Долна Липница,ДГ Детски свят
Велико Търново,Павликени,Караисен,ДГ
Велико Търново,Павликени,Недан,ДГ Райна Княгиня
Велико Търново,Павликени,Стамболово,ДГ Буратино
Пазарджик,Пазарджик,Синитово,ЧДГ Доброта
Пазарджик,Пазарджик,Ивайло,ДГ Веселка
Пазарджик,Пазарджик,Пазарджик,ДГ Радост
Пазарджик,Пазарджик,Пазарджик,ДГ Здравец
Пазарджик,Пазарджик,Пазарджик,ДГ Слънчо
Пазарджик,Пазарджик,Пазарджик,ДГ Валентина Терешкова
Пазарджик,Пазарджик,Паталеница,ДГ Детелина
Пазарджик,Пазарджик,Пазарджик,ДГ Върбица
Пазарджик,Пазарджик,Пазарджик,ДГ Калина Малина
Пазарджик,Пазарджик,Пазарджик,ДГ Зорница
Пазарджик,Пазарджик,Пазарджик,ДГ Дъга
Пазарджик,Пазарджик,Пазарджик,ДГ Пролет
Пазарджик,Пазарджик,Пазарджик,ДГ Снежанка
Пазарджик,Пазарджик,Пазарджик,ДГ Юрий Гагарин
Пазарджик,Пазарджик,Мало Конаре,ДГДетство
Пазарджик,Панагюрище,Оборище,ДГ Мечо пух с. Оборище
Пазарджик,Панагюрище,Бъта,ДГ Надежда
Пазарджик,Панагюрище,Панагюрище,ДГ РАЙНА КНЯГИНЯ
Пазарджик,Панагюрище,Панагюрище,ДГ Пролет
Пазарджик,Панагюрище,Попинци,ДГ Яна
Пазарджик,Панагюрище,Панагюрище,ДГ Звънче
Пазарджик,Панагюрище,Панагюрище,ДГ Брезичка
Пазарджик,Панагюрище,Панагюрище,ДГ Първи юни
Перник,Перник,Драгичево,ДГ с.Драгичево
Перник,Перник,Перник,ДГ №1 Миньорче
Перник,Перник,Перник,ДГ № 2 Родолюбче
Перник,Перник,Перник,ДГ № 3 Пролетен цвят
Перник,Перник,Перник,ДГ№4Чуден свят
Перник,Перник,Перник,Детска градина № 5
Перник,Перник,Перник,ДГ № 6 Българче
Перник,Перник,Перник,ДГ Пролет
Перник,Перник,Перник,ДГ № 8 ИЗВОРЧЕ
Перник,Перник,Перник,ДГ № 9
Перник,Перник,Перник,ДГ №11
Перник,Перник,Перник,ДГ № 12 Радост
Перник,Перник,Перник,ДГ № 14
Перник,Перник,Перник,ДГ № 15
Перник,Перник,Батановци,ДГ В.Терешкова
Пловдив,Перущица,Перущица,ДГРАДОСТ
Пловдив,Перущица,Перущица,ДГ Тракийче
Благоевград,Петрич,Петрич,ДГ №1Снежанка
Благоевград,Петрич,Петрич,ДГ № 2 Здравец
Благоевград,Петрич,Петрич,ДГ №3Слънце
Благоевград,Петрич,Петрич,ДГ № 2 Звънче
Благоевград,Петрич,Петрич,ДГ№3Детелина
Благоевград,Петрич,Кърналово,ДГ Иглика
Благоевград,Петрич,Първомай,ДГСинчец
Пазарджик,Пещера,Пещера,ДГ Деница
Пазарджик,Пещера,Пещера,ДГ Изгрев
Пазарджик,Пещера,Пещера,ДГ Иглика
Пазарджик,Пещера,Пещера,ДГСлънчо
Пазарджик,Пещера,Радилово,ДГ ЗДРАВЕЦ
Пазарджик,Пещера,Пещера,ДГ Сокола
София-област,Пирдоп,Пирдоп,ДГ П. и К. Чоконяни
Плевен,Плевен,Бръшляница,ДГ Незабравка
Плевен,Плевен,Опанец,ДГ Здравец
Плевен,Плевен,Мечка,ДГ Щастливо детство
Плевен,Плевен,Ясен,ДГМалина
Плевен,Плевен,Дисевица,ДГ Вит
Плевен,Плевен,Плевен,ДГ Теменуга
Плевен,Плевен,Плевен,ДГСлавейче
Плевен,Плевен,Плевен,ДГ Зорница
Плевен,Плевен,Плевен,ДГ Еделвайс
Плевен,Плевен,Плевен,ДГ Първи юни
Плевен,Плевен,Плевен,ДГ Гергана
Плевен,Плевен,Плевен,ДГ Незабравка
Плевен,Плевен,Плевен,ДГ Снежанка 
Плевен,Плевен,Плевен,ДГ Трети март
Плевен,Плевен,Буковлък,ДГ Биляна
Плевен,Плевен,Славяново,ДГ Девети май
Плевен,Плевен,Плевен,ДГ Щастливо детство
Плевен,Плевен,Плевен,ДГ Юнско въстание
Плевен,Плевен,Плевен,ДГ  Кокиче
Плевен,Плевен,Плевен,ДГ Пролет
Плевен,Плевен,Плевен,ДГ Слънце
Плевен,Плевен,Плевен,ДГ Чучулига
Плевен,Плевен,Плевен,ДГСинчец
Плевен,Плевен,Плевен,ДГ Щурче
Плевен,Плевен,Плевен,ДГ Надежда
Плевен,Плевен,Плевен,ДГ Ралица
Плевен,Плевен,Плевен,ДГ Иглика
Плевен,Плевен,Плевен,ДГ Звънче
Плевен,Плевен,Плевен,ДГ Дружба
Плевен,Плевен,Плевен,ДГ Калина
Плевен,Плевен,Брестовец,ДГ Лилия
Плевен,Плевен,Върбица,ДГ Пчелица
Плевен,Плевен,Плевен,ЧДГ Монтесори Планета
Пловдив,Пловдив,Пловдив,ЧДГ Детство мое
Пловдив,Пловдив,Пловдив,ЧДГ АНДЕРСЕН ЕООД
Пловдив,Пловдив,Пловдив,ЧДГВЪЛШЕСТВО
Пловдив,Пловдив,Пловдив,ДГ Буратино
Пловдив,Пловдив,Пловдив,ДГ Зора
Пловдив,Пловдив,Пловдив,ДГ Каменица
Пловдив,Пловдив,Пловдив,ДГ Люляк
Пловдив,Пловдив,Пловдив,ДГ Майчина грижа
Пловдив,Пловдив,Пловдив,ДГ Малкият принц
Пловдив,Пловдив,Пловдив,ДГ Мирослава
Пловдив,Пловдив,Пловдив,ДГ Незабравка
Пловдив,Пловдив,Пловдив,ДГ Перуника
Пловдив,Пловдив,Пловдив,ДГ Радост
Пловдив,Пловдив,Пловдив,ДГ Снежанка
Пловдив,Пловдив,Пловдив,ДГ Чучулига
Пловдив,Пловдив,Пловдив,ДГЩастливо детство
Пловдив,Пловдив,Пловдив,ДГ Биляна
Пловдив,Пловдив,Пловдив,ДГ Детелина
Пловдив,Пловдив,Пловдив,ДГ Лилия
Пловдив,Пловдив,Пловдив,ДГ Маргаритка
Пловдив,Пловдив,Пловдив,ДГ Наталия
Пловдив,Пловдив,Пловдив,ДГ Родина
Пловдив,Пловдив,Пловдив,ДГ Чайка
Пловдив,Пловдив,Пловдив,ДГ Боряна
Пловдив,Пловдив,Пловдив,ДГ Дружба
Пловдив,Пловдив,Пловдив,ДГ Елица
Пловдив,Пловдив,Пловдив,ДГ Мир
Пловдив,Пловдив,Пловдив,ДГ Росица
Пловдив,Пловдив,Пловдив,ДГ Светла
Пловдив,Пловдив,Пловдив,ДГ Рая
Пловдив,Пловдив,Пловдив,ДГ Космонавт
Пловдив,Пловдив,Пловдив,ДГ Славей
Пловдив,Пловдив,Пловдив,ДГ Бреза
Пловдив,Пловдив,Пловдив,ДГ Весела
Пловдив,Пловдив,Пловдив,ДГ Дъга
Пловдив,Пловдив,Пловдив,ДГ Захарно петле
Пловдив,Пловдив,Пловдив,ДГ Марица
Пловдив,Пловдив,Пловдив,ДГ Ралица
Пловдив,Пловдив,Пловдив,ДГ Албена
Пловдив,Пловдив,Пловдив,ДГВалентина
Пловдив,Пловдив,Пловдив,ДГ Вяра
Пловдив,Пловдив,Пловдив,ДГ Здравец
Пловдив,Пловдив,Пловдив,ДГ Зорница
Пловдив,Пловдив,Пловдив,ДГ Малина
Пловдив,Пловдив,Пловдив,ДГ Мая
Пловдив,Пловдив,Пловдив,ДГ Осми март
Пловдив,Пловдив,Пловдив,ДГ Светлина
Пловдив,Пловдив,Пловдив,ДГ Д-р Едгар Бороу
Пловдив,Пловдив,Пловдив,ДГ Велимира
Пловдив,Пловдив,Пловдив,ДГ Десислава
Пловдив,Пловдив,Пловдив,ДГ Еделвайс
Пловдив,Пловдив,Пловдив,ДГ Кремена
Пловдив,Пловдив,Пловдив,ДГ Слънце
Пловдив,Пловдив,Пловдив,ДГ Таня Савичева
Пловдив,Пловдив,Пловдив,ДГ Чeрвената шапчица
Пловдив,Пловдив,Пловдив,ДДГКокиче
Пловдив,Пловдив,Пловдив,ЧДГ Дъга от мечти
Пловдив,Пловдив,Пловдив,ЧДГ Джой ЕООД
Велико Търново,Полски Тръмбеш,Полски Тръмбеш,ДГ Детски свят
Велико Търново,Полски Тръмбеш,Петко Каравелово,ДГ Незабравка
Велико Търново,Полски Тръмбеш,Раданово,ДГ Първи юни
Бургас,Поморие,Каблешково,ДГ Радост
Бургас,Поморие,Поморие,ДГ Детелина
Бургас,Поморие,Поморие,ДГВеселушко
Бургас,Поморие,Ахелой,ДГ Теменуга
Бургас,Поморие,Гълъбец,ДГДетски свят
Бургас,Поморие,Дъбник,ДГ Мир
Бургас,Поморие,Страцин,ДГ Сребърно звънче
Търговище,Попово,Попово,ДГ  Лястовичка 
Търговище,Попово,Попово,ДГ Слънце
Търговище,Попово,Попово,ДГ  Здравец 
Търговище,Попово,Зараево,ДГ Зарайск
Плевен,Пордим,Пордим,ДГ Вълшебен свят
София-област,Правец,Осиковица,ДГ Слънце
София-област,Правец,Джурово,ДГ Звънче
София-област,Правец,Правец,ДГ Индира Ганди
София-област,Правец,Правец,ДГЗдравец
Бургас,Приморско,Приморско,ДГ  Русалка
Варна,Провадия,Провадия,ДГ Снежанка
Варна,Провадия,Провадия,ДГПролет
Варна,Провадия,Градинарово,ДГ М. Момчева
Варна,Провадия,Блъсково,ДГ Лиляна Димитрова
Варна,Провадия,Бозвелийско,ДГ Щастливо детство
Пловдив,Първомай,Първомай,ДГ Пролет
Пловдив,Първомай,Воден,ДГ Теменуга
Пловдив,Първомай,Искра,ДГ Искра
Пловдив,Първомай,Градина,ДГ Първи юни
Пловдив,Първомай,Дълбок извор,ДГ Детелина
Пловдив,Първомай,Първомай,ДГ Марица
Пловдив,Първомай,Първомай,ДГ Осми март
Стара Загора,Раднево,Раднево,ДГ№1А.ЧерковскиРаднево
Стара Загора,Раднево,Раднево,ДГ № 2 Радостгр.Раднево
Стара Загора,Раднево,Раднево,ДГ №6СлънцеРаднево
Стара Загора,Раднево,Раднево,ДГ №3 Раднево
Стара Загора,Раднево,Коларово,ДГ Теменуга с.Коларово
Стара Загора,Раднево,Сърнево,ДГ Радост с.Сърнево
Перник,Радомир,Радомир,ДГ Осми март
Перник,Радомир,Радомир,ДГСлънце
Перник,Радомир,Радомир,ДГ Радомирче
Разград,Разград,Разград,ДГ Райна Княгиня №8
Разград,Разград,Разград,ДГ-2
Разград,Разград,Разград,ДГ No 3 Приказка
Разград,Разград,Разград,ДГ №4 Митко Палаузов
Разград,Разград,Разград,ДГ №5Незабравка
Разград,Разград,Разград,ДГ 6 6-те ястребинчета
Разград,Разград,Разград,ДГ No7 Васил Левски
Разград,Разград,Разград,ДГ №11 Детелина
Разград,Разград,Разград,ДГ No12 Зорница
Разград,Разград,Разград,ДГ 14 Славейче
Разград,Разград,Гецово,ДГ Здравец
Разград,Разград,Стражец,ДГ Пролет
Разград,Разград,Раковски,ДГ 1Щ-во детство
Разград,Разград,Раковски,ДГ No2 Пролет
Разград,Разград,Мортагоново,ДГ Радост
Разград,Разград,Благоево,ДГ Георги Димитров
Разград,Разград,Киченица,ДГ М.Палаузов
Разград,Разград,Ясеновец,ДГ No2 Дора Габе
Разград,Разград,Дянково,ДГ Осми март
Разград,Разград,Топчии,ДГ Гълъбче
Благоевград,Разлог,Разлог,Д Г Радост
Благоевград,Разлог,Долно Драглище,ДГ Иглика
Пазарджик,Ракитово,Ракитово,ДГ М.Палаузов
Пазарджик,Ракитово,Ракитово,ДГ Малина Тодорова
Пазарджик,Ракитово,Дорково,ДГ Трети март
Пазарджик,Ракитово,Костандово,ДГ СЛАВЕЙЧЕ
Пловдив,Раковски,Раковски,ДГ Детелина
Пловдив,Раковски,Раковски,ДГ Пьрви юни 
Пловдив,Раковски,Раковски,ДГ Иглика
Пловдив,Раковски,Раковски,ДГ Щастливо детство
Пловдив,Раковски,Белозем,ДГ Синчец
Пловдив,Раковски,Стряма,ДГ Радост
Кюстендил,Рила,Рила,ДГД-р Т.Миладинова
Пловдив,Родопи,Ягодово,ДГ Пролет
Пловдив,Родопи,Устина,ДГ Родина
Пловдив,Родопи,Белащица,ДГ Ралица
Пловдив,Родопи,Браниполе,ДГ„Синчец„
Пловдив,Родопи,Брестник,ДГ Надежда
Пловдив,Родопи,Брестовица,ДГ Първи юни
Пловдив,Родопи,Златитрап,ДГ ПЪРВИ ЮНИ
Пловдив,Родопи,Марково,ДГ Веселушка
Пловдив,Родопи,Цалапица,ДГ Пролет
Пловдив,Родопи,Крумово,ДГ Снежанка
Пловдив,Родопи,Първенец,ДГ Пролет
Враца,Роман,Роман,ДГ Зора
Смолян,Рудозем,Рудозем,ДГСнежанка
Смолян,Рудозем,Рудозем,Д Г Възраждане
Смолян,Рудозем,Елховец,ДГДъга
Смолян,Рудозем,Чепинци,ДГ Елица
Смолян,Рудозем,Пловдивци,ДГ Мечо Пух
Смолян,Рудозем,Рибница,ДГ Слънце
Смолян,Рудозем,Войкова лъка,ДГ Войкова лъка
Бургас,Руен,Топчийско,ДГ
Бургас,Руен,Вресово,ДГ
Бургас,Руен,Зайчар,ДГ Горска фея
Бургас,Руен,Люляково,ДГ
Бургас,Руен,Просеник,ДГ Снежанка
Бургас,Руен,Руен,ДГ
Бургас,Руен,Ръжица,ДГ
Бургас,Руен,Череша,ДГ
Бургас,Руен,Ябълчево,ДГ
Бургас,Руен,Планиница,ДГ
Бургас,Руен,Трънак,ДГ
Бургас,Руен,Снягово,ДГ
Бургас,Руен,Добра поляна,ДГ
Бургас,Руен,Преображенци,ДГ
Видин,Ружинци,Ружинци,ДГ Изгрев
Видин,Ружинци,Дреновец,ДГ Палавници
Видин,Ружинци,Бело поле,ДГ Щурче
Видин,Ружинци,Черно поле,ДГ Детелина
Русе,Русе,Русе,ЧДГДъга-РусеООД
Русе,Русе,Русе,ЧДГ ИАЕ - Русе ЕООД
Русе,Русе,Русе,ДГ Русалка
Русе,Русе,Русе,ДГСинчец
Русе,Русе,Русе,ДГ Ралица
Русе,Русе,Русе,ДГ  Детелина
Русе,Русе,Русе,ДГИглика Русе
Русе,Русе,Русе,ДГСнежанка
Русе,Русе,Русе,ДГЧучулига
Русе,Русе,Русе,ДГ ПИНОКИО
Русе,Русе,Русе,ДГ Незабравка - Русе
Русе,Русе,Русе,ДГ Зора
Русе,Русе,Русе,ДГ ЗДРАВЕЦ
Русе,Русе,Николово,ДГ Приказен свят
Русе,Русе,Ново село,ДГ Роза
Русе,Русе,Русе,ДГ Слънце
Русе,Русе,Мартен,ДГ Райна Княгиня
Русе,Русе,Русе,ДГ Червената шапчица
Русе,Русе,Русе,ДГЗвездица
Русе,Русе,Русе,ДГ Пролет
Русе,Русе,Русе,ДГ Радост
Русе,Русе,Русе,ЧДГ Смехорания
Русе,Русе,Русе,ЧДГ
Русе,Русе,Русе,ЧДГ Вяра Надежда Любов ООД
Пловдив,Садово,Чешнегирово,ДГ Звезда
Пловдив,Садово,Катуница,ДГ Свобода
Пловдив,Садово,Болярци,ДГ Първи юни
Пловдив,Садово,Кочево,ДГ Детелина
Пловдив,Садово,Богданица,ДГ Радост
Пловдив,Садово,Моминско,ДГ Здравец
Пловдив,Садово,Поповица,ДГ Н.Вапцаров
Пловдив,Садово,Милево,ДГ Слънце
Пловдив,Садово,Караджово,ДГ Н. Йорданова
Пловдив,Садово,Садово,ДГ Детски свят
София-област,Самоков,Самоков,ДГ Зорница
София-област,Самоков,Самоков,ДГ Самоково
София-област,Самоков,Самоков,ДГ Звънче
София-област,Самоков,Самоков,ДГ Детелина
София-област,Самоков,Самоков,ДГ Пролет
Разград,Самуил,Самуил,ДГ Кокиче
Разград,Самуил,Владимировци,ДГРадост
Благоевград,Сандански,Сандански,ДГ Първи юни
Благоевград,Сандански,Сандански,ДГ Пролет
Благоевград,Сандански,Сандански,ДГ Радост
Благоевград,Сандански,Сандански,ДГ Дора Габе
Благоевград,Сандански,Сандански,ДГЗдравец
Благоевград,Сандански,Ново Делчево,ДГ Слънце
Благоевград,Сандански,Склаве,ДГ Великденче
Благоевград,Сандански,Катунци,ДГ Еделвайс
Кюстендил,Сапарева баня,Сапарева баня,ДГ Света Анна
Благоевград,Сатовча,Фъргово,ДГ
Благоевград,Сатовча,Слащен,ДГ Веса Бараковска
Благоевград,Сатовча,Кочан,ДГ Пролет
Благоевград,Сатовча,Осина,ДГ
Благоевград,Сатовча,Крибул,ДГКалина Малина
Благоевград,Сатовча,Туховища,ДГ Детелина
Благоевград,Сатовча,Жижево,ДГ Кокиче
Благоевград,Сатовча,Плетена,ДГ Йорданка Николова
Благоевград,Сатовча,Годешево,Д Г Вела Пеева
Благоевград,Сатовча,Ваклиново,ДГ Снежанка
Благоевград,Сатовча,Вълкосел,ДГ Иглика
Благоевград,Сатовча,Сатовча,ДГ Елена Шомова
Благоевград,Сатовча,Боголин,ДГ Кокиче
Благоевград,Сатовча,Долен,Д Г
Хасково,Свиленград,Свиленград,ДГ Радост
Хасково,Свиленград,Свиленград,ДГ Слънце
Хасково,Свиленград,Свиленград,ДГ ЗОРНИЦА
Хасково,Свиленград,Свиленград,ДГ Снежанка
Хасково,Свиленград,Свиленград,ДГ Детелина
Велико Търново,Свищов,Свищов,ДГ Васил Левски
Велико Търново,Свищов,Свищов,ДГ Радост
Велико Търново,Свищов,Свищов,ДГ Калина Малина
Велико Търново,Свищов,Свищов,ДГ Слънчо
Велико Търново,Свищов,Свищов,ДГ Чиполино
Велико Търново,Свищов,Ореш,ДГ Зорница
Велико Търново,Свищов,Царевец,ДГ Радост
София-област,Своге,Владо Тричков,ДГ
София-област,Своге,Томпсън,ДГ
София-област,Своге,Лакатник,ДГ-Лакатник
София-област,Своге,Искрец,ДГ
София-област,Своге,Церово,ДГ
София-област,Своге,Свидня,ДГ
София-област,Своге,Реброво,ДГ
София-област,Своге,Своге,ДГ
София-област,Своге,Своге,ДГ
София-област,Своге,Своге,ДГКалина Малина
София-област,Своге,Бов,Д Г
Габрово,Севлиево,Севлиево,ДГ Радост - Севлиево
Габрово,Севлиево,Севлиево,ДГ Слънце- гр. Севлиево
Габрово,Севлиево,Севлиево,ДГ Пролет-Севлиево
Габрово,Севлиево,Севлиево,ДГ Щ. детство-Севлиево
Габрово,Севлиево,Петко Славейков,ДГ МЕЧО ПУХ
Пазарджик,Септември,Ветрен дол,ДГ Слънчево детство
Пазарджик,Септември,Септември,ДГ Приказни герои
Пазарджик,Септември,Виноградец,ДГ Пъстроцветна дъга
Пазарджик,Септември,Септември,ДГ Приказно вълшебство
Силистра,Силистра,Йорданово,ДГ Радост
Силистра,Силистра,Силистра,ДГ Нарцис
Силистра,Силистра,Силистра,ДГ Роза
Силистра,Силистра,Силистра,ДГ Ян Бибиян
Силистра,Силистра,Силистра,ДГ Радост
Силистра,Силистра,Калипетрово,ДГ Здравец
Силистра,Силистра,Айдемир,ДГ Мир
Силистра,Силистра,Силистра,ДГ Добруджа
Силистра,Силистра,Силистра,ДГ Иглика
Силистра,Силистра,Професор Иширково,ДГ Детелина
Хасково,Симеоновград,Симеоновград,ДГ Зорница
Хасково,Симеоновград,Симеоновград,ДГДетство
Благоевград,Симитли,Симитли,ДГ Радост
Благоевград,Симитли,Долно Осеново,ДГ - с. Долно Осеново
Силистра,Ситово,Ситово,ДГ Щастливо детство
Силистра,Ситово,Искра,ДГ Мир
Сливен,Сливен,Сливен,ДГ Надежда
Сливен,Сливен,Бяла,ДГ Иглика
Сливен,Сливен,Гавраилово,ДГ Зорница
Сливен,Сливен,Гергевец,ДГ Пролет
Сливен,Сливен,Желю войвода,ДГ Роза
Сливен,Сливен,Злати войвода,ДГ Ралица
Сливен,Сливен,Камен,ДГ Радост
Сливен,Сливен,Кермен,ДГ Здравец
Сливен,Сливен,Ковачите,ДГСнежанка
Сливен,Сливен,Крушаре,ДГ -Минзухар
Сливен,Сливен,Новачево,ДГ Слънце
Сливен,Сливен,Самуилово,ДГ Слънчо
Сливен,Сливен,Сотиря,ДГПеруника
Сливен,Сливен,Сливен,ДГ  Теменуга 
Сливен,Сливен,Сливен,ДГ Дeтство
Сливен,Сливен,Сливен,ДГ Детски рай
Сливен,Сливен,Сливен,ДГ Калина
Сливен,Сливен,Сливен,ДГ  Зорница 
Сливен,Сливен,Сливен,ДГ  Елица 
Сливен,Сливен,Сливен,ДГСинчец
Сливен,Сливен,Сливен,ДГ  Мак 
Сливен,Сливен,Сливен,ДГ  Здравец 
Сливен,Сливен,Сливен,ДГ  В. и Х. Папазян 
Сливен,Сливен,Сливен,ДГБожур 
Сливен,Сливен,Сливен,ДГЗвездица
Сливен,Сливен,Сливен,ДГ Еделвайс
Сливен,Сливен,Стара река,ДГ „Иглика“
Сливен,Сливен,Трапоклово,ДГ Диляна
София-област,Сливница,Сливница,ДГ Сливница
София-област,Сливница,Алдомировци,ДГМИКИ МАУС
Русе,Сливо поле,Сливо поле,ДГ Мечо Пух
Русе,Сливо поле,Малко Враново,ДГ Пролет
Смолян,Смолян,Смолян,ДГ Слънце
Смолян,Смолян,Смолян,ДГ Синчец
Смолян,Смолян,Смолян,ДГ Родопчанче
Смолян,Смолян,Смолян,ДГ Радост
Смолян,Смолян,Смолян,ДГБУРАТИНО
Смолян,Смолян,Смолян,ДГ Веселушко
Смолян,Смолян,Смолян,ДГ Зорница
Смолян,Смолян,Смолян,ДГ Славейче
Смолян,Смолян,Момчиловци,ДГ Изворче
Смолян,Смолян,Широка лъка,ДГ Детелина
Смолян,Смолян,Смилян,ДГ ДЪГАс .Смилян
Смолян,Смолян,Търън,ДГ Русалка
Шумен,Смядово,Смядово,ДГ МАРГАРИТКА
Шумен,Смядово,Янково,ДГ Радост
Шумен,Смядово,Риш,ДГ Щастливо детство
Бургас,Созопол,Созопол,ДГ Здравец
Бургас,Созопол,Созопол,ДГ Снежанка
Бургас,Созопол,Зидарово,ДГ
Бургас,Созопол,Росен,ДГДетелина
Бургас,Созопол,Черноморец,ДГ Делфинче
Бургас,Созопол,Крушевец,ДГ Зеленика
Пловдив,Сопот,Сопот,ДГ Приказен свят
Пловдив,Сопот,Сопот,ДГ Роза
Пловдив,Сопот,Сопот,ДГ Слънчево детство
Бургас,Средец,Средец,ДГСнежанка
Бургас,Средец,Средец,ДГ Бърборино 
Бургас,Средец,Дебелт,ДГ  Дъга 
Бургас,Средец,Загорци,ДГ Загорци
Бургас,Средец,Орлинци,ДГ  Орлинци с. Орлинци
Пловдив,Стамболийски,Ново село,ДГ  Пролет
Пловдив,Стамболийски,Стамболийски,ДГ Звънче
Пловдив,Стамболийски,Стамболийски,ДГ Слънце
Пловдив,Стамболийски,Триводици,ДГ Изворче
Пловдив,Стамболийски,Стамболийски,ДГ. Р. Княгиня
Пловдив,Стамболийски,Куртово Конаре,ДГ  Детски рай 
Пловдив,Стамболийски,Йоаким Груево,ДГ Радост
Пловдив,Стамболийски,Стамболийски,ДГ Искра
Хасково,Стамболово,Стамболово,ДГ Звездичка
Стара Загора,Стара Загора,Старозагорски бани,ДГ №16Горски кът
Стара Загора,Стара Загора,Стара Загора,ДГ №1 Звънче СЗ
Стара Загора,Стара Загора,Стара Загора,ДГ №2 Зорница СЗ
Стара Загора,Стара Загора,Стара Загора,ДГ №3 Ян Бибиян
Стара Загора,Стара Загора,Стара Загора,ДГ №4 Бреза  СЗ
Стара Загора,Стара Загора,Стара Загора,ДГ №7 Светулка
Стара Загора,Стара Загора,Стара Загора,ДГ№8 Българче
Стара Загора,Стара Загора,Стара Загора,ДГ №10 Светлина СЗ
Стара Загора,Стара Загора,Стара Загора,ДГ №11 Загоре
Стара Загора,Стара Загора,Стара Загора,ДГ N:13Пролет СЗ
Стара Загора,Стара Загора,Стара Загора,ДГ №17 Знаме на мира С
Стара Загора,Стара Загора,Стара Загора,ДГ №20 Мир
Стара Загора,Стара Загора,Стара Загора,ДГ№23 Кипарис СЗ
Стара Загора,Стара Загора,Стара Загора,ДГ №24 Радост СЗ
Стара Загора,Стара Загора,Стара Загора,ДГ №25 Ален мак
Стара Загора,Стара Загора,Хрищени,ДГ № 26 Лилия
Стара Загора,Стара Загора,Стара Загора,ДГ № 29Славейче  СЗ
Стара Загора,Стара Загора,Стара Загора,ДГ№31Сльнце СЗ
Стара Загора,Стара Загора,Стара Загора,ДГ № 33 Люляк СЗ
Стара Загора,Стара Загора,Стара Загора,ДГ №34Райна Княгиня СЗ
Стара Загора,Стара Загора,Стара Загора,ДГ 35 Свобода СЗ
Стара Загора,Стара Загора,Стара Загора,ДГ №58 Звездица
Стара Загора,Стара Загора,Хан Аспарухово,ДГ 55 НезабравкаХ.Аспарухово
Стара Загора,Стара Загора,Стара Загора,ДГ №66 Детски рай СЗ
Стара Загора,Стара Загора,Стара Загора,ДГ № 68 СЗ
Стара Загора,Стара Загора,Стара Загора,ЧДГ Ян Бибиян
Стара Загора,Стара Загора,Стара Загора,ДДГКалина към МО
Стара Загора,Стара Загора,Стара Загора,ДГ №5 Мечо Пух СЗ
Стара Загора,Стара Загора,Стара Загора,ДГ № 6 Камбанка
София-град,Столична,Бусманци,ДГ 21 Ежко Бежко
София-град,Столична,София,ДГ № 104 Моят свят
София-град,Столична,София,ЧДГ Усмивка
София-град,Столична,София,ДГ №149 Зорница
София-град,Столична,София,ЧДГ  Албертино01.09ЕООД
София-град,Столична,София,Таткова градина
София-град,Столична,София,ЧДГ СЛЪНЧЕВ АНГЕЛ
София-град,Столична,София,ЧДГ Щастливо детство
София-град,Столична,София,ЧДГ Детската ЕООД
София-град,Столична,София,ЧДГ Валдорф
София-град,Столична,София,ЧДГ Космически деца ЕООД
София-град,Столична,София,ЧДГ Кидсвил
София-град,Столична,София,Дружба
София-град,Столична,София,ЧДГ
София-град,Столична,София,ЧДГ БОБЧЕ ТОПЧЕ
София-град,Столична,София,ЧДГ Вълшебното Борче
София-град,Столична,София,ЧДГ МОМО ЕООД
София-град,Столична,София,Бръмбазък
София-град,Столична,София,ЧДГ Йор Кидс
София-град,Столична,Банкя,ДГ №25 Изворче
София-град,Столична,София,ЧДГ Маргаритка
София-град,Столична,София,ЧДГ Малки стъпки
София-град,Столична,София,ЧДГ Цветен ден
София-град,Столична,София,ЧЦДГ Мила
София-град,Столична,София,Веселото Гардже
София-град,Столична,София,ЧДГ ЛИДИ
София-град,Столична,София,ЧДГ Българанче
София-град,Столична,София,ЧДГ  ЕКОмалчовци 
София-град,Столична,София,ЧДГ Веселите камбанки
София-град,Столична,София,ЧДГ КИТА 2013
София-град,Столична,София,ЧДГ ДЕТСКИ СВЯТ
София-град,Столична,София,ЧДГ Откривател
София-град,Столична,София,ЧДГ Росица
София-град,Столична,София,ЧДГ Германи
София-град,Столична,София,ЧДГ Монтесори Къща на Децата
София-град,Столична,София,ЧДГ Ежко Бежко
София-град,Столична,София,ЧДГ Свети Георги
София-град,Столична,София,ЧДГ ЗВЕЗДИЧКА ЕООД
София-град,Столична,София,ЧДГРАЙ
София-град,Столична,София,ЧДГ Сияние
София-град,Столична,София,ЧДГ  Елхица
София-град,Столична,София,ЧДГ БОЯНА
София-град,Столична,София,ЧНДГ Увекинд
София-град,Столична,София,„ЧДГ „НЕМО“ ООД
София-град,Столична,София,ЧДГ Златно зрънце ЕООД
София-град,Столична,Мърчаево,ДГ 41Приятели
София-град,Столична,София,ДГ 60 Бор
София-град,Столична,Владая,ДГ № 4 Слънчо
София-град,Столична,София,ДГ№116Мусала
София-град,Столична,София,ДГ №112 Детски свят
София-град,Столична,София,ДГ№ 160 Драгалевци
София-град,Столична,София,ДГ № 37 ВЪЛШЕБСТВО
София-град,Столична,София,ДГ № 46 Жива вода
София-град,Столична,София,Палави крачета
София-град,Столична,София,ДГ №198 Косе Босе
София-град,Столична,София,ЧДГ Приятелска къща
София-град,Столична,София,ЧДГ  АРЛЕКИНО ООД
София-град,Столична,София,ДГ 82  Джани Родари
София-град,Столична,Мрамор,ДГ №176 Зорница
София-град,Столична,София,ДГ №138 Приятели
София-град,Столична,София,ДГ № 42 Чайка
София-град,Столична,София,ДГ № 5 Надежда
София-град,Столична,София,ЧДГ КУЕСТ
София-град,Столична,София,ДГ № 1 Червената шапчица
София-град,Столична,София,ДГ № 194 Милувка
София-град,Столична,София,ДГ №81 Лилия
София-град,Столична,София,ДГ № 120 Детство под липите
София-град,Столична,София,ДГ № 50 Зайчето Куики
София-град,Столична,София,ДГ № 119 Детска планета
София-град,Столична,София,Детска Академия
София-град,Столична,София,ДГ №165 Латинка
София-град,Столична,София,ДГ № 30 РАДЕЦКИ
София-град,Столична,София,ДГ № 34 Брезичка
София-град,Столична,София,ДГ № 49 Радост
София-град,Столична,София,ДГ №133 Зорница
София-град,Столична,София,ДГ № 29 Слънце
София-град,Столична,София,ДГ №23 Здравец
София-град,Столична,София,ДГ № 51 Щурче
София-град,Столична,София,ДГ №52 ИЛИНДЕНЧЕ
София-град,Столична,София,ДГ № 158 ЗОРА
София-град,Столична,София,ДГ № 179  Синчец 
София-град,Столична,София,ДГ № 153 Света Троица
София-град,Столична,София,ДГ № 88 Детски рай
София-град,Столична,София,ДГ № 185 ЗВЕЗДИЧКА
София-град,Столична,София,ДГ № 144 Ханс Кристиан Андерс
София-град,Столична,София,Детска градина № 36 Пеперуда
София-град,Столична,София,ДГ №13 Калинка
София-град,Столична,София,ДГ 96 Росна китка
София-град,Столична,София,ДГ №108 Детско царство
София-град,Столична,София,ДГ№196Шарл Перо
София-град,Столична,София,ДГ № 169  КОЛЕДАРЧЕ 
София-град,Столична,София,ДГ № 128Феникс
София-град,Столична,София,ДГ № 130 Приказка
София-град,Столична,София,ДГ №126 Тинтява
София-град,Столична,София,ДГ №187 Жар птица
София-град,Столична,София,ДГ N54 ДЪГА
София-град,Столична,София,ЧДГ 101Защо
София-град,Столична,София,ДГ № 134 Любопитко
София-град,Столична,София,ДГ №107Бон-бон
София-град,Столична,София,ДГ №67 Чучулига
София-град,Столична,София,ДГ № 85 Родина
София-град,Столична,София,ДГ №99 Брезичка
София-град,Столична,София,ДГ № 142
София-град,Столична,София,ДГ 124 Бърборино
София-град,Столична,София,ДГ №136 Славия
София-град,Столична,София,ДГ № 145 Българка
София-град,Столична,София,ДГ № 93  Чуден свят
София-град,Столична,София,ДГ 162 Вихрогонче
София-град,Столична,София,ДГ №8 Проф.д-р Елка Петрова
София-град,Столична,София,ДГ № 80 Приказна калина
София-град,Столична,Долни Богров,ДГ №140 Зорница
София-град,Столична,София,ДГ № 44 Калина
София-град,Столична,София,ДГ №89 Шарена дъга
София-град,Столична,София,ДГ № 58 Слънчево утро
София-град,Столична,София,ДГ №146 Звездица
София-град,Столична,Бухово,ДГ № 94 Детски свят
София-град,Столична,Горни Богров,ДГ 147 Славейче
София-град,Столична,София,ЧДГ Д-р П.Берон
София-град,Столична,София,ЧДГ Тути
София-град,Столична,София,ЧДГ Фънки Мънки
София-град,Столична,София,Частна Детска Градина Патета
София-град,Столична,София,ЧДГ Камелини Монтесори
София-град,Столична,София,ДГ№175 Слънчеви лъчи
София-град,Столична,София,ЧДГ Кристофър Робин
София-град,Столична,София,ЧДГ Алиса
София-град,Столична,София,ЧДГ ЖИРАФЧЕ
София-град,Столична,София,ЧДГ Слънчево зайче
София-град,Столична,София,ЧДГ Г.С.Уланова
София-град,Столична,София,ЧДГЩастливата къща
София-град,Столична,София,ДГ №19 Св. София
София-град,Столична,София,ДГ №111КОРАБЧЕ
София-град,Столична,София,ДГ № 192 ЛОЗИЧКА
София-град,Столична,София,ДГ№193 Славейче
София-град,Столична,София,ДГ №141 Славейкови поляни
София-град,Столична,София,ДГ № 166 Веселушка
София-град,Столична,София,ДГ №174Фют
София-град,Столична,София,ЧДГ БРИТАНИКА
София-град,Столична,София,ЧДГ Ерих Кестнер
София-град,Столична,София,ЧДГЧудната къщичка
София-град,Столична,София,ДГ № 95 ОМАЙНИЧЕ
София-град,Столична,София,ДГ № 86 АСЕН БОСЕВ
София-град,Столична,София,ДГ № 73 Маргарита
София-град,Столична,София,ДГ № 68 Ран Босилек
София-град,Столична,София,ДГ№64Първи юни
София-град,Столична,София,ДГ № 47 Незабравка
София-град,Столична,София,ДГ №35 Щастливо детство
София-град,Столична,София,ДГ № 32 Българче
София-град,Столична,София,ДГ № 31 ЛЮЛИН 
София-град,Столична,София,ДГ № 22 Великденче
София-град,Столична,София,ДГ№152 Люляче
София-град,Столична,София,ДГ №139 Панорама
София-град,Столична,София,ДГ- 197 Китна градина
София-град,Столична,София,ДГ №57 Хосе Марти
София-град,Столична,София,ДГ № 101 Ябълкова градина
София-град,Столична,София,ДГ №55 Иглика
София-град,Столична,София,ДГ № 200 Цветен рай
София-град,Столична,София,ЧДГ ЕКО ДАРА
София-град,Столична,София,ЧЦДГ Ян Бибиян-МЕГА-Х ООД
София-град,Столична,София,ЧДГАника
София-град,Столична,София,ЧДГ Детски Оазис
София-град,Столична,София,ДГ №189 Сто усмивки
София-град,Столична,София,ДДГ Младост
София-град,Столична,София,ЧДГ Джани Родари
София-град,Столична,София,ЧДГ Меридиан 22 ЕООД
София-град,Столична,София,ДГ №26 Калина
София-град,Столична,София,ДГ№ 98  Слънчево зайче
София-град,Столична,София,ДГ №14 Карлсон
София-град,Столична,София,ДГ № 188 Вяра Надежда Любов
София-град,Столична,София,ДГ №59 Елхица
София-град,Столична,София,ДГ №71 Щастие
София-град,Столична,София,ДГ № 11 Мики Маус2213972
София-град,Столична,София,ДГ №109 Зорница
София-град,Столична,София,ДГ № 186 Деница
София-град,Столична,София,ДГ № 178 Сребърно Копитце
София-град,Столична,София,ДГ №76 Сърничка
София-град,Столична,София,ДГ № 70 Пролет
София-град,Столична,София,ДГ № 28 Ян Бибиян
София-град,Столична,София,ДГ № 123 Шарл Перо
София-град,Столична,София,ДГ № 75 Сърчице
София-град,Столична,София,ДГ № 17 Мечо Пух
София-град,Столична,София,ДГ №117 Надежда
София-град,Столична,София,ДГ №56 Здравец
София-град,Столична,София,ДГ №172  София
София-град,Столична,София,Ч Д Г Симба
София-град,Столична,София,ДГ №24 Надежда
София-град,Столична,София,Детска градина №83 Славейче
София-град,Столична,София,ДГ № 15 Чучулига
София-град,Столична,София,ДГ№27Детска китка
София-град,Столична,София,ДГ №38 Дора Габе
София-град,Столична,София,ДГ № 90 Веса Паспалеева
София-град,Столична,София,ДГ № 170 Пчелица
София-град,Столична,София,ДГ№115 Осми март
София-град,Столична,София,ДГ № 171  Свобода
София-град,Столична,София,ДГ №137 Калина Малина
София-град,Столична,София,ДГ № 6  Вълшебен свят
София-град,Столична,Нови Искър,ДГ№135 Мое детство
София-град,Столична,Нови Искър,ДГ №102 Кременица
София-град,Столична,Световрачене,ДГ № 114 Светулка
София-град,Столична,Чепинци,ДГ № 132 Светлина
София-град,Столична,Нови Искър,ДГ №121
София-град,Столична,Нови Искър,ДГ№157 Детска стряха
София-град,Столична,София,ЧАСТНА ДЕТСКА ГРАДИНА АРТИ
София-град,Столична,София,ЧДГСлавейче
София-град,Столична,София,ЧДГ Къщата на Алиса
София-град,Столична,София,ДГ №191 Приказка без край
София-град,Столична,София,ДГ № 100
София-град,Столична,София,ДГ №195 Братя Мормареви
София-град,Столична,София,ДГ 151 ЛЕДА МИЛЕВА
София-град,Столична,София,ЧДГ Светлина
София-град,Столична,София,ЧДГ МОНТЕСОРИ ХАЙ
София-град,Столична,София,ЧДГ Монтесори
София-град,Столична,София,ДДГ Средец към МО
София-град,Столична,София,ДГ 84  ДЕТЕЛИНА
София-град,Столична,София,ДГ № 125 УСМИВКА
София-град,Столична,София,ДГ № 161 ЛАСКА 
София-град,Столична,София,ДГ № 9 Пламъче
София-град,Столична,София,ДГ № 164 Зорница
София-град,Столична,София,ДГ № 33 Сребърни звънчета
София-град,Столична,София,ДГ № 39 ПРОЛЕТ 
София-град,Столична,Казичене,ДГ № 3 Детелина
София-град,Столична,Бистрица,ДГ №143Щурче
София-град,Столична,Лозен,ДГ №97 Изгрев
София-град,Столична,Герман,ДГ № 180 Зайченцето бяло
София-град,Столична,Железница,ДГ№181Радост
София-град,Столична,Панчарево,ДГ №66 Елица
София-град,Столична,Долни Пасарел,ДГ №182 Пчелица
София-град,Столична,Панчарево,ЧДГ Слънчогледи
София-град,Столична,София,ДГ № 92 МЕЧТА
София-град,Столична,София,ДГ №20 Жасминов парк
София-град,Столична,София,ДГ № 91 Слънчев кът
София-град,Столична,София,ДГ №110 Слънчева мечта
София-град,Столична,София,ДГ № 148 Слънце
София-град,Столична,София,ДГ 173 Звънче
София-град,Столична,София,ДГ № 177 Лютиче
София-град,Столична,София,ДГ №103 Патиланско царство
София-град,Столична,София,ДГ №105 Ракета
София-град,Столична,София,ДГ №69Жар птица
София-град,Столична,София,ДГ № 74 Дъга
София-град,Столична,София,ЧДГПресвета Богородица EOOД
София-град,Столична,София,ДДГ Слава към МО
София-град,Столична,София,ЧДГ Веда
София-град,Столична,София,ДГ № 45 АЛИСА
София-град,Столична,София,ДГ № 199 Сарагоса
София-град,Столична,София,ДГ № 106 Княгиня Мария-Луиза
София-град,Столична,София,ДГ № 118УСМИВКА
София-град,Столична,София,ДГ № 63 Слънце
София-град,Столична,София,ДГ № 48 Братя Грим
София-град,Столична,София,ДГ № 53 Дядовата ръкавичка
София-град,Столична,София,Доверие
София-град,Столична,София,ЧДГ МЕЧО ПУХ
София-град,Столична,София,ДГ №154 Сбъдната мечта
София-град,Столична,София,ДГ № 62 ЗОРНИЦА
София-град,Столична,София,ДГ №168 Слънчогледи
София-град,Столична,София,ДГ №183 Щастливо детство
София-град,Столична,София,ДГ № 61 Шарено петле
София-град,Столична,София,ДГ № 65 Слънчево детство
София-град,Столична,София,ДГ №184 МЕЧО ПУХ
София-град,Столична,София,ДГ №155 Веселина
София-град,Столична,София,ДГ №159  Олимпийче 
София-град,Столична,София,ДГ № 77 Магнолия
София-град,Столична,София,ДГ № 18 Детски свят
София-град,Столична,София,ДГ № 113 Преспа
София-град,Столична,София,ДГ №72 Приказка без край
София-град,Столична,София,ЧДГ Детска къща Монтесори
София-град,Столична,София,ДГ №12 Лилия
София-град,Столична,София,ДГ №16  ПРИКАЗЕН СВЯТ
София-град,Столична,София,ДГ №10 Чебурашка
София-град,Столична,София,ДГ № 78 Детски свят
София-град,Столична,София,ДГ №79 Слънчице
София-град,Столична,София,Мечтател
София-град,Столична,София,ЧДГ Пролет
София-град,Столична,София,ЧЦДГ Мария Магдалена
София-град,Столична,София,ДГ №2  ЗВЪНЧЕ
София-град,Столична,София,ДГ №129 Приказен свят
София-град,Столична,София,ДГ № 43 ТАЛАНТ
София-град,Столична,София,ДГ № 127 Слънце
София-град,Столична,София,ДГ№167МАЛКИЯТ ПРИНЦ
София-град,Столична,София,ДГ №7 Детелина
София-град,Столична,София,ДГ № 40 Проф.Г.Ангушев
София-град,Столична,София,ДГ № 87 Буката
Велико Търново,Стражица,Стражица,ДГ А. Каралийчев
Велико Търново,Стражица,Стражица,ДГ  Сава Цонев 
Велико Търново,Стражица,Камен,ДГ Гинка Маркова
Велико Търново,Стражица,Кесарево,ДГ Калинка
Ямбол,Стралджа,Стралджа,ДГ Мати Рубенова
Ямбол,Стралджа,Стралджа,ДГ Здравец
Пазарджик,Стрелча,Стрелча,ДГ Д-р Стайко Стайков
Благоевград,Струмяни,Микрево,ДГ Патиланци
Варна,Суворово,Суворово,ДГ Буратино
Бургас,Сунгурларе,Сунгурларе,ДГ Слънце
Бургас,Сунгурларе,Грозден,ДГ Зорница
Бургас,Сунгурларе,Лозарево,ДГ Щастливо детство
Бургас,Сунгурларе,Манолич,ДГ Манолич
Бургас,Сунгурларе,Славянци,ДГ Ален мак
Бургас,Сунгурларе,Съединение,ДГ
Бургас,Сунгурларе,Чубра,ДГ Славейче
Велико Търново,Сухиндол,Сухиндол,ДГ Соня
Пловдив,Съединение,Съединение,ДГ с ЯГ Осми март
Пловдив,Съединение,Царимир,ДГСветлина
Пловдив,Съединение,Голям чардак,ДГАвлига
Пазарджик,Сърница,Сърница,ДГ Мир
Сливен,Твърдица,Бяла паланка,ДГ В.Пеева
Сливен,Твърдица,Шивачево,ДГ Слънчев ден
Сливен,Твърдица,Оризари,ДГ Ат.Дамянов
Сливен,Твърдица,Сборище,ДГ Брезичка
Сливен,Твърдица,Твърдица,ДГ Васил Левски
Сливен,Твърдица,Твърдица,ДГ Щастливо детство
Добрич,Тервел,Коларци,ДГ Светулка
Добрич,Тервел,Нова Камена,ДГ ТЕМЕНУГА
Добрич,Тервел,Тервел,ДГ Първи юни
Добрич,Тервел,Тервел,ДГ 1 Детелина
Добрич,Тервел,Жегларци,ДГ Детелина
Добрич,Тервел,Зърнево,ДГ- Детски рай
Добрич,Тервел,Орляк,ДГ Слънчице
Добрич,Тервел,Безмер,ДГ Детски свят
Добрич,Тервел,Тервел,ДГЗдравец
Ловеч,Тетевен,Тетевен,ДГ Васил Левски
Ловеч,Тетевен,Тетевен,ДГ Незабравка
Ловеч,Тетевен,Тетевен,ДГ Детелина
Ловеч,Тетевен,Глогово,ДГ Изгрев
Ловеч,Тетевен,Градежница,ДГ Слънце
Ловеч,Тетевен,Галата,ДГ Здравец
Хасково,Тополовград,Тополовград,ДГ  Щастливо детство 
Ловеч,Троян,Троян,ДГ Здравец
Ловеч,Троян,Троян,ДГ Синчец
Ловеч,Троян,Орешак,ДГ Незабравка
Ловеч,Троян,Калейца,ДГ Звънче
Ловеч,Троян,Троян,ДГ 8 март
Ловеч,Троян,Троян,ДГ Мир
Ловеч,Троян,Троян,ДГ Буковец
Перник,Трън,Трън,ДГ АЛЕН МАК
Габрово,Трявна,Трявна,ДГ Светлина
Габрово,Трявна,Трявна,ДГ КАЛИНА
Габрово,Трявна,Плачковци,ДГ Осми март-Плачковци
Ямбол,Тунджа,Веселиново,ДГ Дечка Сюлемезова
Ямбол,Тунджа,Кабиле,ДГ Изворче
Ямбол,Тунджа,Кукорево,ДГ Щурче
Ямбол,Тунджа,Скалица,ДГ Звездица
Ямбол,Тунджа,Тенево,ДГ Кольо Тенев
Силистра,Тутракан,Тутракан,ДГ Славянка
Силистра,Тутракан,Тутракан,ДГ Полет
Силистра,Тутракан,Тутракан,ДГ Патиланчо
Търговище,Търговище,Търговище,ДГ Пчелица
Търговище,Търговище,Търговище,ДГ №1 Веселушко
Търговище,Търговище,Търговище,ДГ №2 Осми март
Търговище,Търговище,Търговище,ДГ №3 Здравец
Търговище,Търговище,Търговище,ДГ №5 Червената шапчица
Търговище,Търговище,Търговище,ДГ № 6 Пролет
Търговище,Търговище,Търговище,ДГ №7 Снежанка
Търговище,Търговище,Търговище,ДГ №8 Слънце
Търговище,Търговище,Търговище,ДГ №9 Приказка
Търговище,Търговище,Макариополско,ДГ Първи юни
Търговище,Търговище,Руец,ДГ1 юни
Търговище,Търговище,Търговище,ДГ № 11 Звънче
Търговище,Търговище,Търговище,ЧДГМонтесори-Търговище
Ловеч,Угърчин,Кирчево,ДГ Щастливо детство
Ловеч,Угърчин,Угърчин,ДГ Светулка
Благоевград,Хаджидимово,Хаджидимово,ДГ Надежда
Благоевград,Хаджидимово,Абланица,ДГ Пролет
Благоевград,Хаджидимово,Копривлен,ДГ Незабравка
Враца,Хайредин,Хайредин,ДГ  Славейче 
Хасково,Харманли,Харманли,ДГ Детски свят
Хасково,Харманли,Харманли,ДГ Пролет
Хасково,Харманли,Харманли,ДГ Ален мак
Хасково,Хасково,Хасково,ДГ №3 Зорница
Хасково,Хасково,Хасково,ДГ№20Весели очички
Хасково,Хасково,Хасково,ДГ №1 Ян Бибиян
Хасково,Хасково,Хасково,ДГ №15  Слънце
Хасково,Хасково,Хасково,ДГ №22 Звънче
Хасково,Хасково,Хасково,ДГ №18 Осми март
Хасково,Хасково,Хасково,ДГ № 19 Щурче
Хасково,Хасково,Хасково,ДГИ
Хасково,Хасково,Хасково,ДГ № 16
Хасково,Хасково,Хасково,ДГ № 11 Елхица
Хасково,Хасково,Хасково,ДГ №17
Хасково,Хасково,Конуш,ДГ № 21 Вихрогонче
Пловдив,Хисаря,Хисаря,ДГ Мечо Пух
Пловдив,Хисаря,Хисаря,ДГ Дъга
Пловдив,Хисаря,Хисаря,ДГ Пинокио
Пловдив,Хисаря,Паничери,ДГ Слънце
Пловдив,Хисаря,Старосел,ДГЧайкас.Старосел
Шумен,Хитрино,Тимарево,ДГЧервената шапчица
Шумен,Хитрино,Черна,ДГ Славейче
Шумен,Хитрино,Трем,ДГ Червената шапчица
Шумен,Хитрино,Живково,ДГ  РАДОСТ 
Шумен,Хитрино,Хитрино,ДГ 1-ви юни
Разград,Цар Калоян,Цар Калоян,ДГ Славейче
Бургас,Царево,Царево,ДГАлен мак
Бургас,Царево,Ахтопол,ДГДелфинче
Русе,Ценово,Ценово,ДГ Баба Тонка
Русе,Ценово,Долна Студена,ДГ Щастливо детство
Русе,Ценово,Караманово,ДГ Радост
Русе,Ценово,Новград,ДГ Славейче-Новград
София-област,Чавдар,Чавдар,ДГ Щастливо детство
София-област,Челопеч,Челопеч,ДГ Ханс Кр.Андерсен
Смолян,Чепеларе,Чепеларе,ДГ ЧЕПЕЛАРЕ
Смолян,Чепеларе,Павелско,ДГ с.Павелско
Плевен,Червен бряг,Червен бряг,ДГ Бодра смяна
Плевен,Червен бряг,Червен бряг,ДГ Зора
Плевен,Червен бряг,Рупци,ДГ Снежанка
Плевен,Червен бряг,Чомаковци,ДГ Щастливо детство
Плевен,Червен бряг,Койнаре,ДГ Пролет
Кърджали,Черноочене,Черноочене,ДГ Знаме на мира
Кърджали,Черноочене,Комунига,ДГ Първи юни
Кърджали,Черноочене,Лясково,ДГ Никола Йонков Вапцаров
Монтана,Чипровци,Чипровци,ДГ Детелина
Стара Загора,Чирпан,Чирпан,ДГ Слънце Чирпан
Стара Загора,Чирпан,Чирпан,ДГ Здравец
Стара Загора,Чирпан,Чирпан,ДГ Калина Малина Чирпан
Стара Загора,Чирпан,Зетьово,ДГ Снежанка
Видин,Чупрене,Чупрене,ДГ Здравец
Видин,Чупрене,Горни Лом,ДГ Христо Ботев
Добрич,Шабла,Шабла,ДГ
Шумен,Шумен,Градище,ДГ ОСМИ МАРТ
Шумен,Шумен,Вехтово,ДГ Червената шапчица
Шумен,Шумен,Черенча,ДГ Васил Левски
Шумен,Шумен,Новосел,ДГ Радост
Шумен,Шумен,Дибич,ДГ Д. Люцканов
Шумен,Шумен,Салманово,ДГ  Славейче
Шумен,Шумен,Мадара,ДГ Мадарски конник
Шумен,Шумен,Ивански,ДГ Снежанка
Шумен,Шумен,Царев брод,ДГ Щастливо детство
Шумен,Шумен,Шумен,ДГ Звънче
Шумен,Шумен,Шумен,ДГ Щурче
Шумен,Шумен,Шумен,ДГ Слънце
Шумен,Шумен,Шумен,ДГ БУРАТИНО
Шумен,Шумен,Шумен,ДГ Брезичка
Шумен,Шумен,Шумен,ДГ Златната рибка
Шумен,Шумен,Шумен,ДГ Братя Грим
Шумен,Шумен,Шумен,ДГ КОСМОНАВТ
Шумен,Шумен,Друмево,ДГ Камбанка
Шумен,Шумен,Шумен,ДГ Смехорани
Шумен,Шумен,Шумен,ДГ Чучулига
Шумен,Шумен,Шумен,ДГ Светулка
Шумен,Шумен,Струино,ДГ Калинка
Шумен,Шумен,Шумен,ДГ Дружба
Шумен,Шумен,Шумен,ДГ Конче вихрогонче
Шумен,Шумен,Шумен,ДГ Пролетна дъга
Шумен,Шумен,Шумен,ДГ Изворче
Шумен,Шумен,Шумен,ДГ Латинка
Шумен,Шумен,Шумен,ДГ ПЧЕЛИЦА
Ловеч,Ябланица,Ябланица,ДГ Райна Княгиня
Монтана,Якимово,Якимово,ДГ Слънчице
Благоевград,Якоруда,Якоруда,ДГ
Ямбол,Ямбол,Ямбол,ДГ Радост
Ямбол,Ямбол,Ямбол,ДГ Пламъче
Ямбол,Ямбол,Ямбол,ДГ Валентина
Ямбол,Ямбол,Ямбол,ДГ Свобода
Ямбол,Ямбол,Ямбол,ДГ Щастливо детство
Ямбол,Ямбол,Ямбол,ДГ Слънце
Ямбол,Ямбол,Ямбол,ДГ Пролет
Ямбол,Ямбол,Ямбол,ДГ Червената шапчица
Ямбол,Ямбол,Ямбол,ДГ Биляна
